timestamp,method,host,path,request_size,response_size,content_type,status_code,request_headers,request_body_snippet,response_headers,set_cookies
2026-05-13T17:49:50.026721,POST,app.tuta.com,/rest/sys/closesessionservice?v=150&cv=348.260506.0,128,,application/json,,"{'user-agent': 'Mozilla/5.0 (X11; Ubuntu; Linux x86_64; rv:149.0) Gecko/20100101 Firefox/149.0', 'accept': '*/*', 'accept-language': 'en-US,en;q=0.9', 'accept-encoding': 'gzip, deflate, br, zstd', 'content-type': 'application/json', 'content-length': '128', 'origin': 'https://app.tuta.com', 'sec-fetch-dest': 'empty', 'sec-fetch-mode': 'cors', 'sec-fetch-site': 'same-origin', 'priority': 'u=6', 'te': 'trailers'}","{""1596"":""0"",""1597"":""Z4ikTNrAAUAKRd49tDej0wLeAFJ1BQ2sqw"",""1598"":[[""OsXZICf--J-9"",""TyLRYoTYGX3tZ9ijCesLZ4S7P_uXkt3jpKSL-cwZklg""]]}",,
2026-05-13T17:49:50.026721,POST,app.tuta.com,/rest/sys/closesessionservice?v=150&cv=348.260506.0,128,0,application/json;charset=utf-8,201,"{'user-agent': 'Mozilla/5.0 (X11; Ubuntu; Linux x86_64; rv:149.0) Gecko/20100101 Firefox/149.0', 'accept': '*/*', 'accept-language': 'en-US,en;q=0.9', 'accept-encoding': 'gzip, deflate, br, zstd', 'content-type': 'application/json', 'content-length': '128', 'origin': 'https://app.tuta.com', 'sec-fetch-dest': 'empty', 'sec-fetch-mode': 'cors', 'sec-fetch-site': 'same-origin', 'priority': 'u=6', 'te': 'trailers'}","{""1596"":""0"",""1597"":""Z4ikTNrAAUAKRd49tDej0wLeAFJ1BQ2sqw"",""1598"":[[""OsXZICf--J-9"",""TyLRYoTYGX3tZ9ijCesLZ4S7P_uXkt3jpKSL-cwZklg""]]}","{'date': 'Wed, 13 May 2026 18:48:35 GMT', 'x-frame-options': 'DENY', 'strict-transport-security': 'max-age=63072000; includeSubDomains; preload', 'x-content-type-options': 'nosniff', 'referrer-policy': 'no-referrer', 'access-control-expose-headers': 'Date,app-types-hash', 'access-control-allow-origin': 'https://app.tuta.com', 'content-type': 'application/json;charset=utf-8', 'app-types-hash': 'oDFbYzU=', 'content-length': '0'}",
2026-05-13T17:49:50.834705,GET,app.tuta.com,/sw.js,0,,,,"{'user-agent': 'Mozilla/5.0 (X11; Ubuntu; Linux x86_64; rv:149.0) Gecko/20100101 Firefox/149.0', 'accept': '*/*', 'accept-language': 'en-US,en;q=0.9', 'accept-encoding': 'gzip, deflate, br, zstd', 'service-worker': 'script', 'sec-fetch-dest': 'serviceworker', 'sec-fetch-mode': 'same-origin', 'sec-fetch-site': 'same-origin', 'if-modified-since': 'Wed, 06 May 2026 08:30:22 GMT', 'if-none-match': 'W/""///+YghpARs//////QBzxU--gzip""', 'priority': 'u=4', 'cache-control': 'max-age=0', 'te': 'trailers'}",,,
2026-05-13T17:49:50.834705,GET,app.tuta.com,/sw.js,0,0,,304,"{'user-agent': 'Mozilla/5.0 (X11; Ubuntu; Linux x86_64; rv:149.0) Gecko/20100101 Firefox/149.0', 'accept': '*/*', 'accept-language': 'en-US,en;q=0.9', 'accept-encoding': 'gzip, deflate, br, zstd', 'service-worker': 'script', 'sec-fetch-dest': 'serviceworker', 'sec-fetch-mode': 'same-origin', 'sec-fetch-site': 'same-origin', 'if-modified-since': 'Wed, 06 May 2026 08:30:22 GMT', 'if-none-match': 'W/""///+YghpARs//////QBzxU--gzip""', 'priority': 'u=4', 'cache-control': 'max-age=0', 'te': 'trailers'}",,"{'date': 'Wed, 13 May 2026 18:48:36 GMT', 'x-frame-options': 'DENY', 'strict-transport-security': 'max-age=63072000; includeSubDomains; preload', 'x-content-type-options': 'nosniff', 'referrer-policy': 'no-referrer', 'access-control-expose-headers': 'Date,app-types-hash', 'etag': 'W/""///+YghpARs//////QBzxU--gzip""', 'last-modified': 'Wed, 06 May 2026 08:30:22 GMT', 'accept-ranges': 'bytes', 'cache-control': 'must-revalidate,no-cache,no-store', 'content-length': '0'}",
2026-05-13T17:50:06.980740,GET,app.tuta.com,/rest/sys/saltservice?_body=%7B%22418%22%3A%220%22%2C%22419%22%3A%22eptest.tuta%40tutamail.com%22%7D,0,,application/json,,"{'user-agent': 'Mozilla/5.0 (X11; Ubuntu; Linux x86_64; rv:149.0) Gecko/20100101 Firefox/149.0', 'accept': 'application/json', 'accept-language': 'en-US,en;q=0.9', 'accept-encoding': 'gzip, deflate, br, zstd', 'v': '150', 'cv': '348.260506.0', 'cp': '5', 'content-type': 'application/json', 'sec-fetch-dest': 'empty', 'sec-fetch-mode': 'cors', 'sec-fetch-site': 'same-origin', 'te': 'trailers'}",,,
2026-05-13T17:50:06.980740,GET,app.tuta.com,/rest/sys/saltservice?_body=%7B%22418%22%3A%220%22%2C%22419%22%3A%22eptest.tuta%40tutamail.com%22%7D,0,55,application/json;charset=utf-8,200,"{'user-agent': 'Mozilla/5.0 (X11; Ubuntu; Linux x86_64; rv:149.0) Gecko/20100101 Firefox/149.0', 'accept': 'application/json', 'accept-language': 'en-US,en;q=0.9', 'accept-encoding': 'gzip, deflate, br, zstd', 'v': '150', 'cv': '348.260506.0', 'cp': '5', 'content-type': 'application/json', 'sec-fetch-dest': 'empty', 'sec-fetch-mode': 'cors', 'sec-fetch-site': 'same-origin', 'te': 'trailers'}",,"{'date': 'Wed, 13 May 2026 18:48:52 GMT', 'x-frame-options': 'DENY', 'strict-transport-security': 'max-age=63072000; includeSubDomains; preload', 'x-content-type-options': 'nosniff', 'referrer-policy': 'no-referrer', 'access-control-expose-headers': 'Date,app-types-hash', 'content-type': 'application/json;charset=utf-8', 'app-types-hash': 'oDFbYzU=', 'cache-control': 'no-cache, no-store', 'content-length': '55'}",
2026-05-13T17:50:07.111471,GET,app.tuta.com,/rest/base/applicationtypesservice,0,,,,"{'user-agent': 'Mozilla/5.0 (X11; Ubuntu; Linux x86_64; rv:149.0) Gecko/20100101 Firefox/149.0', 'accept': 'application/octet-stream', 'accept-language': 'en-US,en;q=0.9', 'accept-encoding': 'gzip, deflate, br, zstd', 'v': '2', 'cv': '348.260506.0', 'cp': '5', 'sec-fetch-dest': 'empty', 'sec-fetch-mode': 'cors', 'sec-fetch-site': 'same-origin', 'te': 'trailers'}",,,
2026-05-13T17:50:07.111471,GET,app.tuta.com,/rest/base/applicationtypesservice,0,85477,application/octet-stream,200,"{'user-agent': 'Mozilla/5.0 (X11; Ubuntu; Linux x86_64; rv:149.0) Gecko/20100101 Firefox/149.0', 'accept': 'application/octet-stream', 'accept-language': 'en-US,en;q=0.9', 'accept-encoding': 'gzip, deflate, br, zstd', 'v': '2', 'cv': '348.260506.0', 'cp': '5', 'sec-fetch-dest': 'empty', 'sec-fetch-mode': 'cors', 'sec-fetch-site': 'same-origin', 'te': 'trailers'}",,"{'date': 'Wed, 13 May 2026 18:48:52 GMT', 'x-frame-options': 'DENY', 'strict-transport-security': 'max-age=63072000; includeSubDomains; preload', 'x-content-type-options': 'nosniff', 'referrer-policy': 'no-referrer', 'access-control-expose-headers': 'Date,app-types-hash', 'content-type': 'application/octet-stream', 'cache-control': 'no-cache, no-store', 'content-length': '85477'}",
2026-05-13T17:50:07.484502,GET,app.tuta.com,/argon2.wasm,0,,,,"{'user-agent': 'Mozilla/5.0 (X11; Ubuntu; Linux x86_64; rv:149.0) Gecko/20100101 Firefox/149.0', 'accept': '*/*', 'accept-language': 'en-US,en;q=0.9', 'accept-encoding': 'gzip, deflate, br, zstd', 'sec-fetch-dest': 'empty', 'sec-fetch-mode': 'cors', 'sec-fetch-site': 'same-origin', 'priority': 'u=4', 'te': 'trailers'}",,,
2026-05-13T17:50:07.484502,GET,app.tuta.com,/argon2.wasm,0,16981,application/wasm,200,"{'user-agent': 'Mozilla/5.0 (X11; Ubuntu; Linux x86_64; rv:149.0) Gecko/20100101 Firefox/149.0', 'accept': '*/*', 'accept-language': 'en-US,en;q=0.9', 'accept-encoding': 'gzip, deflate, br, zstd', 'sec-fetch-dest': 'empty', 'sec-fetch-mode': 'cors', 'sec-fetch-site': 'same-origin', 'priority': 'u=4', 'te': 'trailers'}",,"{'date': 'Wed, 13 May 2026 18:48:52 GMT', 'x-frame-options': 'DENY', 'strict-transport-security': 'max-age=63072000; includeSubDomains; preload', 'x-content-type-options': 'nosniff', 'referrer-policy': 'no-referrer', 'access-control-expose-headers': 'Date,app-types-hash', 'etag': 'W/""///+YivY5U0/////9ewyLg""', 'last-modified': 'Wed, 06 May 2026 08:29:56 GMT', 'content-length': '16981', 'content-type': 'application/wasm', 'accept-ranges': 'bytes', 'cache-control': 'no-cache,public,no-transform'}",
2026-05-13T17:50:07.799421,POST,app.tuta.com,/rest/sys/sessionservice,170,,application/json,,"{'user-agent': 'Mozilla/5.0 (X11; Ubuntu; Linux x86_64; rv:149.0) Gecko/20100101 Firefox/149.0', 'accept': 'application/json', 'accept-language': 'en-US,en;q=0.9', 'accept-encoding': 'gzip, deflate, br, zstd', 'content-type': 'application/json', 'content-length': '170', 'v': '150', 'cv': '348.260506.0', 'cp': '5', 'origin': 'https://app.tuta.com', 'sec-fetch-dest': 'empty', 'sec-fetch-mode': 'cors', 'sec-fetch-site': 'same-origin', 'te': 'trailers'}","{""1212"":""0"",""1213"":""eptest.tuta@tutamail.com"",""1214"":""tMyUyLM8pDXwimAehyPXGuAPhf0PmI2KaMSO1phB92g"",""1215"":""Firefox Browser"",""1216"":null,""1217"":null,""1218"":[],""1417"":null}",,
2026-05-13T17:50:07.799421,POST,app.tuta.com,/rest/sys/sessionservice,170,90,application/json;charset=utf-8,201,"{'user-agent': 'Mozilla/5.0 (X11; Ubuntu; Linux x86_64; rv:149.0) Gecko/20100101 Firefox/149.0', 'accept': 'application/json', 'accept-language': 'en-US,en;q=0.9', 'accept-encoding': 'gzip, deflate, br, zstd', 'content-type': 'application/json', 'content-length': '170', 'v': '150', 'cv': '348.260506.0', 'cp': '5', 'origin': 'https://app.tuta.com', 'sec-fetch-dest': 'empty', 'sec-fetch-mode': 'cors', 'sec-fetch-site': 'same-origin', 'te': 'trailers'}","{""1212"":""0"",""1213"":""eptest.tuta@tutamail.com"",""1214"":""tMyUyLM8pDXwimAehyPXGuAPhf0PmI2KaMSO1phB92g"",""1215"":""Firefox Browser"",""1216"":null,""1217"":null,""1218"":[],""1417"":null}","{'date': 'Wed, 13 May 2026 18:48:53 GMT', 'x-frame-options': 'DENY', 'strict-transport-security': 'max-age=63072000; includeSubDomains; preload', 'x-content-type-options': 'nosniff', 'referrer-policy': 'no-referrer', 'access-control-expose-headers': 'Date,app-types-hash', 'access-control-allow-origin': 'https://app.tuta.com', 'content-type': 'application/json;charset=utf-8', 'app-types-hash': 'oDFbYzU=', 'content-length': '90'}",
2026-05-13T17:50:08.021326,GET,app.tuta.com,/rest/sys/user/OsXZICX--B-9,0,,,,"{'user-agent': 'Mozilla/5.0 (X11; Ubuntu; Linux x86_64; rv:149.0) Gecko/20100101 Firefox/149.0', 'accept': 'application/json', 'accept-language': 'en-US,en;q=0.9', 'accept-encoding': 'gzip, deflate, br, zstd', 'accesstoken': 'Z4ikTNrAAUAKijSG5knbOz2u37Y-oT9vDg', 'v': '150', 'cv': '348.260506.0', 'cp': '5', 'sec-fetch-dest': 'empty', 'sec-fetch-mode': 'cors', 'sec-fetch-site': 'same-origin', 'te': 'trailers'}",,,
2026-05-13T17:50:08.021326,GET,app.tuta.com,/rest/sys/user/OsXZICX--B-9,0,2702,application/json;charset=utf-8,200,"{'user-agent': 'Mozilla/5.0 (X11; Ubuntu; Linux x86_64; rv:149.0) Gecko/20100101 Firefox/149.0', 'accept': 'application/json', 'accept-language': 'en-US,en;q=0.9', 'accept-encoding': 'gzip, deflate, br, zstd', 'accesstoken': 'Z4ikTNrAAUAKijSG5knbOz2u37Y-oT9vDg', 'v': '150', 'cv': '348.260506.0', 'cp': '5', 'sec-fetch-dest': 'empty', 'sec-fetch-mode': 'cors', 'sec-fetch-site': 'same-origin', 'te': 'trailers'}",,"{'date': 'Wed, 13 May 2026 18:48:53 GMT', 'x-frame-options': 'DENY', 'strict-transport-security': 'max-age=63072000; includeSubDomains; preload', 'x-content-type-options': 'nosniff', 'referrer-policy': 'no-referrer', 'access-control-expose-headers': 'Date,app-types-hash', 'content-type': 'application/json;charset=utf-8', 'app-types-hash': 'oDFbYzU=', 'cache-control': 'no-cache, no-store', 'content-length': '2702'}",
2026-05-13T17:50:08.158159,GET,app.tuta.com,/rest/sys/groupinfo/OsXZICY--V-9/OsXZICd-2V-9,0,,,,"{'user-agent': 'Mozilla/5.0 (X11; Ubuntu; Linux x86_64; rv:149.0) Gecko/20100101 Firefox/149.0', 'accept': 'application/json', 'accept-language': 'en-US,en;q=0.9', 'accept-encoding': 'gzip, deflate, br, zstd', 'accesstoken': 'Z4ikTNrAAUAKijSG5knbOz2u37Y-oT9vDg', 'v': '150', 'cv': '348.260506.0', 'cp': '5', 'sec-fetch-dest': 'empty', 'sec-fetch-mode': 'cors', 'sec-fetch-site': 'same-origin', 'te': 'trailers'}",,,
2026-05-13T17:50:08.158159,GET,app.tuta.com,/rest/sys/groupinfo/OsXZICY--V-9/OsXZICd-2V-9,0,439,application/json;charset=utf-8,200,"{'user-agent': 'Mozilla/5.0 (X11; Ubuntu; Linux x86_64; rv:149.0) Gecko/20100101 Firefox/149.0', 'accept': 'application/json', 'accept-language': 'en-US,en;q=0.9', 'accept-encoding': 'gzip, deflate, br, zstd', 'accesstoken': 'Z4ikTNrAAUAKijSG5knbOz2u37Y-oT9vDg', 'v': '150', 'cv': '348.260506.0', 'cp': '5', 'sec-fetch-dest': 'empty', 'sec-fetch-mode': 'cors', 'sec-fetch-site': 'same-origin', 'te': 'trailers'}",,"{'date': 'Wed, 13 May 2026 18:48:53 GMT', 'x-frame-options': 'DENY', 'strict-transport-security': 'max-age=63072000; includeSubDomains; preload', 'x-content-type-options': 'nosniff', 'referrer-policy': 'no-referrer', 'access-control-expose-headers': 'Date,app-types-hash', 'content-type': 'application/json;charset=utf-8', 'app-types-hash': 'oDFbYzU=', 'cache-control': 'no-cache, no-store', 'content-length': '439'}",
2026-05-13T17:50:08.401090,GET,app.tuta.com,/rest/sys/rootinstance/OsXZICd-23-9/CHR1dGFub3RhAADY,0,,,,"{'user-agent': 'Mozilla/5.0 (X11; Ubuntu; Linux x86_64; rv:149.0) Gecko/20100101 Firefox/149.0', 'accept': 'application/json', 'accept-language': 'en-US,en;q=0.9', 'accept-encoding': 'gzip, deflate, br, zstd', 'accesstoken': 'Z4ikTNrAAUAKijSG5knbOz2u37Y-oT9vDg', 'v': '150', 'cv': '348.260506.0', 'cp': '5', 'sec-fetch-dest': 'empty', 'sec-fetch-mode': 'cors', 'sec-fetch-site': 'same-origin', 'te': 'trailers'}",,,
2026-05-13T17:50:08.401090,GET,app.tuta.com,/rest/sys/rootinstance/OsXZICd-23-9/CHR1dGFub3RhAADY,0,117,application/json;charset=utf-8,200,"{'user-agent': 'Mozilla/5.0 (X11; Ubuntu; Linux x86_64; rv:149.0) Gecko/20100101 Firefox/149.0', 'accept': 'application/json', 'accept-language': 'en-US,en;q=0.9', 'accept-encoding': 'gzip, deflate, br, zstd', 'accesstoken': 'Z4ikTNrAAUAKijSG5knbOz2u37Y-oT9vDg', 'v': '150', 'cv': '348.260506.0', 'cp': '5', 'sec-fetch-dest': 'empty', 'sec-fetch-mode': 'cors', 'sec-fetch-site': 'same-origin', 'te': 'trailers'}",,"{'date': 'Wed, 13 May 2026 18:48:53 GMT', 'x-frame-options': 'DENY', 'strict-transport-security': 'max-age=63072000; includeSubDomains; preload', 'x-content-type-options': 'nosniff', 'referrer-policy': 'no-referrer', 'access-control-expose-headers': 'Date,app-types-hash', 'content-type': 'application/json;charset=utf-8', 'app-types-hash': 'oDFbYzU=', 'cache-control': 'no-cache, no-store', 'content-length': '117'}",
2026-05-13T17:50:08.527689,GET,app.tuta.com,/rest/tutanota/tutanotaproperties/OsXZICl----9,0,,,,"{'user-agent': 'Mozilla/5.0 (X11; Ubuntu; Linux x86_64; rv:149.0) Gecko/20100101 Firefox/149.0', 'accept': 'application/json', 'accept-language': 'en-US,en;q=0.9', 'accept-encoding': 'gzip, deflate, br, zstd', 'accesstoken': 'Z4ikTNrAAUAKijSG5knbOz2u37Y-oT9vDg', 'v': '108', 'cv': '348.260506.0', 'cp': '5', 'sec-fetch-dest': 'empty', 'sec-fetch-mode': 'cors', 'sec-fetch-site': 'same-origin', 'te': 'trailers'}",,,
2026-05-13T17:50:08.527689,GET,app.tuta.com,/rest/tutanota/tutanotaproperties/OsXZICl----9,0,483,application/json;charset=utf-8,200,"{'user-agent': 'Mozilla/5.0 (X11; Ubuntu; Linux x86_64; rv:149.0) Gecko/20100101 Firefox/149.0', 'accept': 'application/json', 'accept-language': 'en-US,en;q=0.9', 'accept-encoding': 'gzip, deflate, br, zstd', 'accesstoken': 'Z4ikTNrAAUAKijSG5knbOz2u37Y-oT9vDg', 'v': '108', 'cv': '348.260506.0', 'cp': '5', 'sec-fetch-dest': 'empty', 'sec-fetch-mode': 'cors', 'sec-fetch-site': 'same-origin', 'te': 'trailers'}",,"{'date': 'Wed, 13 May 2026 18:48:53 GMT', 'x-frame-options': 'DENY', 'strict-transport-security': 'max-age=63072000; includeSubDomains; preload', 'x-content-type-options': 'nosniff', 'referrer-policy': 'no-referrer', 'access-control-expose-headers': 'Date,app-types-hash', 'content-type': 'application/json;charset=utf-8', 'app-types-hash': 'oDFbYzU=', 'cache-control': 'no-cache, no-store', 'content-length': '483'}",
2026-05-13T17:50:08.659770,GET,app.tuta.com,/rest/sys/rolloutservice,0,,,,"{'user-agent': 'Mozilla/5.0 (X11; Ubuntu; Linux x86_64; rv:149.0) Gecko/20100101 Firefox/149.0', 'accept': 'application/json', 'accept-language': 'en-US,en;q=0.9', 'accept-encoding': 'gzip, deflate, br, zstd', 'accesstoken': 'Z4ikTNrAAUAKijSG5knbOz2u37Y-oT9vDg', 'v': '150', 'cv': '348.260506.0', 'cp': '5', 'sec-fetch-dest': 'empty', 'sec-fetch-mode': 'cors', 'sec-fetch-site': 'same-origin', 'te': 'trailers'}",,,
2026-05-13T17:50:08.683122,GET,app.tuta.com,/rest/sys/rootinstance/OsXZICd-23-9/CHR1dGFub3RhAACZ,0,,,,"{'user-agent': 'Mozilla/5.0 (X11; Ubuntu; Linux x86_64; rv:149.0) Gecko/20100101 Firefox/149.0', 'accept': 'application/json', 'accept-language': 'en-US,en;q=0.9', 'accept-encoding': 'gzip, deflate, br, zstd', 'accesstoken': 'Z4ikTNrAAUAKijSG5knbOz2u37Y-oT9vDg', 'v': '150', 'cv': '348.260506.0', 'cp': '5', 'sec-fetch-dest': 'empty', 'sec-fetch-mode': 'cors', 'sec-fetch-site': 'same-origin', 'te': 'trailers'}",,,
2026-05-13T17:50:08.659770,GET,app.tuta.com,/rest/sys/rolloutservice,0,22,application/json;charset=utf-8,200,"{'user-agent': 'Mozilla/5.0 (X11; Ubuntu; Linux x86_64; rv:149.0) Gecko/20100101 Firefox/149.0', 'accept': 'application/json', 'accept-language': 'en-US,en;q=0.9', 'accept-encoding': 'gzip, deflate, br, zstd', 'accesstoken': 'Z4ikTNrAAUAKijSG5knbOz2u37Y-oT9vDg', 'v': '150', 'cv': '348.260506.0', 'cp': '5', 'sec-fetch-dest': 'empty', 'sec-fetch-mode': 'cors', 'sec-fetch-site': 'same-origin', 'te': 'trailers'}",,"{'date': 'Wed, 13 May 2026 18:48:53 GMT', 'x-frame-options': 'DENY', 'strict-transport-security': 'max-age=63072000; includeSubDomains; preload', 'x-content-type-options': 'nosniff', 'referrer-policy': 'no-referrer', 'access-control-expose-headers': 'Date,app-types-hash', 'content-type': 'application/json;charset=utf-8', 'app-types-hash': 'oDFbYzU=', 'cache-control': 'no-cache, no-store', 'content-length': '22'}",
2026-05-13T17:50:08.790428,GET,app.tuta.com,/rest/tutanota/usersettingsgrouproot/OsXZICd-23-9,0,,,,"{'user-agent': 'Mozilla/5.0 (X11; Ubuntu; Linux x86_64; rv:149.0) Gecko/20100101 Firefox/149.0', 'accept': 'application/json', 'accept-language': 'en-US,en;q=0.9', 'accept-encoding': 'gzip, deflate, br, zstd', 'accesstoken': 'Z4ikTNrAAUAKijSG5knbOz2u37Y-oT9vDg', 'v': '108', 'cv': '348.260506.0', 'cp': '5', 'sec-fetch-dest': 'empty', 'sec-fetch-mode': 'cors', 'sec-fetch-site': 'same-origin', 'te': 'trailers'}",,,
2026-05-13T17:50:08.792027,GET,app.tuta.com,/rest/sys/customer/OsXZICY--F-9,0,,,,"{'user-agent': 'Mozilla/5.0 (X11; Ubuntu; Linux x86_64; rv:149.0) Gecko/20100101 Firefox/149.0', 'accept': 'application/json', 'accept-language': 'en-US,en;q=0.9', 'accept-encoding': 'gzip, deflate, br, zstd', 'accesstoken': 'Z4ikTNrAAUAKijSG5knbOz2u37Y-oT9vDg', 'v': '150', 'cv': '348.260506.0', 'cp': '5', 'sec-fetch-dest': 'empty', 'sec-fetch-mode': 'cors', 'sec-fetch-site': 'same-origin', 'te': 'trailers'}",,,
2026-05-13T17:50:08.683122,GET,app.tuta.com,/rest/sys/rootinstance/OsXZICd-23-9/CHR1dGFub3RhAACZ,0,117,application/json;charset=utf-8,200,"{'user-agent': 'Mozilla/5.0 (X11; Ubuntu; Linux x86_64; rv:149.0) Gecko/20100101 Firefox/149.0', 'accept': 'application/json', 'accept-language': 'en-US,en;q=0.9', 'accept-encoding': 'gzip, deflate, br, zstd', 'accesstoken': 'Z4ikTNrAAUAKijSG5knbOz2u37Y-oT9vDg', 'v': '150', 'cv': '348.260506.0', 'cp': '5', 'sec-fetch-dest': 'empty', 'sec-fetch-mode': 'cors', 'sec-fetch-site': 'same-origin', 'te': 'trailers'}",,"{'date': 'Wed, 13 May 2026 18:48:53 GMT', 'x-frame-options': 'DENY', 'strict-transport-security': 'max-age=63072000; includeSubDomains; preload', 'x-content-type-options': 'nosniff', 'referrer-policy': 'no-referrer', 'access-control-expose-headers': 'Date,app-types-hash', 'content-type': 'application/json;charset=utf-8', 'app-types-hash': 'oDFbYzU=', 'cache-control': 'no-cache, no-store', 'content-length': '117'}",
2026-05-13T17:50:08.808719,GET,app.tuta.com,/rest/tutanota/contactlist/OsXZICl--F-9,0,,,,"{'user-agent': 'Mozilla/5.0 (X11; Ubuntu; Linux x86_64; rv:149.0) Gecko/20100101 Firefox/149.0', 'accept': 'application/json', 'accept-language': 'en-US,en;q=0.9', 'accept-encoding': 'gzip, deflate, br, zstd', 'accesstoken': 'Z4ikTNrAAUAKijSG5knbOz2u37Y-oT9vDg', 'v': '108', 'cv': '348.260506.0', 'cp': '5', 'sec-fetch-dest': 'empty', 'sec-fetch-mode': 'cors', 'sec-fetch-site': 'same-origin', 'te': 'trailers'}",,,
2026-05-13T17:50:08.790428,GET,app.tuta.com,/rest/tutanota/usersettingsgrouproot/OsXZICd-23-9,0,441,application/json;charset=utf-8,200,"{'user-agent': 'Mozilla/5.0 (X11; Ubuntu; Linux x86_64; rv:149.0) Gecko/20100101 Firefox/149.0', 'accept': 'application/json', 'accept-language': 'en-US,en;q=0.9', 'accept-encoding': 'gzip, deflate, br, zstd', 'accesstoken': 'Z4ikTNrAAUAKijSG5knbOz2u37Y-oT9vDg', 'v': '108', 'cv': '348.260506.0', 'cp': '5', 'sec-fetch-dest': 'empty', 'sec-fetch-mode': 'cors', 'sec-fetch-site': 'same-origin', 'te': 'trailers'}",,"{'date': 'Wed, 13 May 2026 18:48:53 GMT', 'x-frame-options': 'DENY', 'strict-transport-security': 'max-age=63072000; includeSubDomains; preload', 'x-content-type-options': 'nosniff', 'referrer-policy': 'no-referrer', 'access-control-expose-headers': 'Date,app-types-hash', 'content-type': 'application/json;charset=utf-8', 'app-types-hash': 'oDFbYzU=', 'cache-control': 'no-cache, no-store', 'content-length': '441'}",
2026-05-13T17:50:08.792027,GET,app.tuta.com,/rest/sys/customer/OsXZICY--F-9,0,572,application/json;charset=utf-8,200,"{'user-agent': 'Mozilla/5.0 (X11; Ubuntu; Linux x86_64; rv:149.0) Gecko/20100101 Firefox/149.0', 'accept': 'application/json', 'accept-language': 'en-US,en;q=0.9', 'accept-encoding': 'gzip, deflate, br, zstd', 'accesstoken': 'Z4ikTNrAAUAKijSG5knbOz2u37Y-oT9vDg', 'v': '150', 'cv': '348.260506.0', 'cp': '5', 'sec-fetch-dest': 'empty', 'sec-fetch-mode': 'cors', 'sec-fetch-site': 'same-origin', 'te': 'trailers'}",,"{'date': 'Wed, 13 May 2026 18:48:53 GMT', 'x-frame-options': 'DENY', 'strict-transport-security': 'max-age=63072000; includeSubDomains; preload', 'x-content-type-options': 'nosniff', 'referrer-policy': 'no-referrer', 'access-control-expose-headers': 'Date,app-types-hash', 'content-type': 'application/json;charset=utf-8', 'app-types-hash': 'oDFbYzU=', 'cache-control': 'no-cache, no-store', 'content-length': '572'}",
2026-05-13T17:50:08.808719,GET,app.tuta.com,/rest/tutanota/contactlist/OsXZICl--F-9,0,285,application/json;charset=utf-8,200,"{'user-agent': 'Mozilla/5.0 (X11; Ubuntu; Linux x86_64; rv:149.0) Gecko/20100101 Firefox/149.0', 'accept': 'application/json', 'accept-language': 'en-US,en;q=0.9', 'accept-encoding': 'gzip, deflate, br, zstd', 'accesstoken': 'Z4ikTNrAAUAKijSG5knbOz2u37Y-oT9vDg', 'v': '108', 'cv': '348.260506.0', 'cp': '5', 'sec-fetch-dest': 'empty', 'sec-fetch-mode': 'cors', 'sec-fetch-site': 'same-origin', 'te': 'trailers'}",,"{'date': 'Wed, 13 May 2026 18:48:54 GMT', 'x-frame-options': 'DENY', 'strict-transport-security': 'max-age=63072000; includeSubDomains; preload', 'x-content-type-options': 'nosniff', 'referrer-policy': 'no-referrer', 'access-control-expose-headers': 'Date,app-types-hash', 'content-type': 'application/json;charset=utf-8', 'app-types-hash': 'oDFbYzU=', 'cache-control': 'no-cache, no-store', 'content-length': '285'}",
2026-05-13T17:50:08.932221,GET,app.tuta.com,/rest/tutanota/mailboxgrouproot/OsXZICh----9,0,,,,"{'user-agent': 'Mozilla/5.0 (X11; Ubuntu; Linux x86_64; rv:149.0) Gecko/20100101 Firefox/149.0', 'accept': 'application/json', 'accept-language': 'en-US,en;q=0.9', 'accept-encoding': 'gzip, deflate, br, zstd', 'accesstoken': 'Z4ikTNrAAUAKijSG5knbOz2u37Y-oT9vDg', 'v': '108', 'cv': '348.260506.0', 'cp': '5', 'sec-fetch-dest': 'empty', 'sec-fetch-mode': 'cors', 'sec-fetch-site': 'same-origin', 'te': 'trailers'}",,,
2026-05-13T17:50:08.936332,GET,app.tuta.com,/rest/sys/groupinfo/OsXZICY--s-9/OsXZICh--R-9,0,,,,"{'user-agent': 'Mozilla/5.0 (X11; Ubuntu; Linux x86_64; rv:149.0) Gecko/20100101 Firefox/149.0', 'accept': 'application/json', 'accept-language': 'en-US,en;q=0.9', 'accept-encoding': 'gzip, deflate, br, zstd', 'accesstoken': 'Z4ikTNrAAUAKijSG5knbOz2u37Y-oT9vDg', 'v': '150', 'cv': '348.260506.0', 'cp': '5', 'sec-fetch-dest': 'empty', 'sec-fetch-mode': 'cors', 'sec-fetch-site': 'same-origin', 'te': 'trailers'}",,,
2026-05-13T17:50:08.937174,GET,app.tuta.com,/rest/sys/group/OsXZICh----9,0,,,,"{'user-agent': 'Mozilla/5.0 (X11; Ubuntu; Linux x86_64; rv:149.0) Gecko/20100101 Firefox/149.0', 'accept': 'application/json', 'accept-language': 'en-US,en;q=0.9', 'accept-encoding': 'gzip, deflate, br, zstd', 'accesstoken': 'Z4ikTNrAAUAKijSG5knbOz2u37Y-oT9vDg', 'v': '150', 'cv': '348.260506.0', 'cp': '5', 'sec-fetch-dest': 'empty', 'sec-fetch-mode': 'cors', 'sec-fetch-site': 'same-origin', 'te': 'trailers'}",,,
2026-05-13T17:50:08.932221,GET,app.tuta.com,/rest/tutanota/mailboxgrouproot/OsXZICh----9,0,201,application/json;charset=utf-8,200,"{'user-agent': 'Mozilla/5.0 (X11; Ubuntu; Linux x86_64; rv:149.0) Gecko/20100101 Firefox/149.0', 'accept': 'application/json', 'accept-language': 'en-US,en;q=0.9', 'accept-encoding': 'gzip, deflate, br, zstd', 'accesstoken': 'Z4ikTNrAAUAKijSG5knbOz2u37Y-oT9vDg', 'v': '108', 'cv': '348.260506.0', 'cp': '5', 'sec-fetch-dest': 'empty', 'sec-fetch-mode': 'cors', 'sec-fetch-site': 'same-origin', 'te': 'trailers'}",,"{'date': 'Wed, 13 May 2026 18:48:54 GMT', 'x-frame-options': 'DENY', 'strict-transport-security': 'max-age=63072000; includeSubDomains; preload', 'x-content-type-options': 'nosniff', 'referrer-policy': 'no-referrer', 'access-control-expose-headers': 'Date,app-types-hash', 'content-type': 'application/json;charset=utf-8', 'app-types-hash': 'oDFbYzU=', 'cache-control': 'no-cache, no-store', 'content-length': '201'}",
2026-05-13T17:50:08.936332,GET,app.tuta.com,/rest/sys/groupinfo/OsXZICY--s-9/OsXZICh--R-9,0,329,application/json;charset=utf-8,200,"{'user-agent': 'Mozilla/5.0 (X11; Ubuntu; Linux x86_64; rv:149.0) Gecko/20100101 Firefox/149.0', 'accept': 'application/json', 'accept-language': 'en-US,en;q=0.9', 'accept-encoding': 'gzip, deflate, br, zstd', 'accesstoken': 'Z4ikTNrAAUAKijSG5knbOz2u37Y-oT9vDg', 'v': '150', 'cv': '348.260506.0', 'cp': '5', 'sec-fetch-dest': 'empty', 'sec-fetch-mode': 'cors', 'sec-fetch-site': 'same-origin', 'te': 'trailers'}",,"{'date': 'Wed, 13 May 2026 18:48:54 GMT', 'x-frame-options': 'DENY', 'strict-transport-security': 'max-age=63072000; includeSubDomains; preload', 'x-content-type-options': 'nosniff', 'referrer-policy': 'no-referrer', 'access-control-expose-headers': 'Date,app-types-hash', 'content-type': 'application/json;charset=utf-8', 'app-types-hash': 'oDFbYzU=', 'cache-control': 'no-cache, no-store', 'content-length': '329'}",
2026-05-13T17:50:08.937174,GET,app.tuta.com,/rest/sys/group/OsXZICh----9,0,394,application/json;charset=utf-8,200,"{'user-agent': 'Mozilla/5.0 (X11; Ubuntu; Linux x86_64; rv:149.0) Gecko/20100101 Firefox/149.0', 'accept': 'application/json', 'accept-language': 'en-US,en;q=0.9', 'accept-encoding': 'gzip, deflate, br, zstd', 'accesstoken': 'Z4ikTNrAAUAKijSG5knbOz2u37Y-oT9vDg', 'v': '150', 'cv': '348.260506.0', 'cp': '5', 'sec-fetch-dest': 'empty', 'sec-fetch-mode': 'cors', 'sec-fetch-site': 'same-origin', 'te': 'trailers'}",,"{'date': 'Wed, 13 May 2026 18:48:54 GMT', 'x-frame-options': 'DENY', 'strict-transport-security': 'max-age=63072000; includeSubDomains; preload', 'x-content-type-options': 'nosniff', 'referrer-policy': 'no-referrer', 'access-control-expose-headers': 'Date,app-types-hash', 'content-type': 'application/json;charset=utf-8', 'app-types-hash': 'oDFbYzU=', 'cache-control': 'no-cache, no-store', 'content-length': '394'}",
2026-05-13T17:50:09.070807,GET,app.tuta.com,/rest/tutanota/mailbox/OsXZICk--g-9,0,,,,"{'user-agent': 'Mozilla/5.0 (X11; Ubuntu; Linux x86_64; rv:149.0) Gecko/20100101 Firefox/149.0', 'accept': 'application/json', 'accept-language': 'en-US,en;q=0.9', 'accept-encoding': 'gzip, deflate, br, zstd', 'accesstoken': 'Z4ikTNrAAUAKijSG5knbOz2u37Y-oT9vDg', 'v': '108', 'cv': '348.260506.0', 'cp': '5', 'sec-fetch-dest': 'empty', 'sec-fetch-mode': 'cors', 'sec-fetch-site': 'same-origin', 'te': 'trailers'}",,,
2026-05-13T17:50:09.070807,GET,app.tuta.com,/rest/tutanota/mailbox/OsXZICk--g-9,0,601,application/json;charset=utf-8,200,"{'user-agent': 'Mozilla/5.0 (X11; Ubuntu; Linux x86_64; rv:149.0) Gecko/20100101 Firefox/149.0', 'accept': 'application/json', 'accept-language': 'en-US,en;q=0.9', 'accept-encoding': 'gzip, deflate, br, zstd', 'accesstoken': 'Z4ikTNrAAUAKijSG5knbOz2u37Y-oT9vDg', 'v': '108', 'cv': '348.260506.0', 'cp': '5', 'sec-fetch-dest': 'empty', 'sec-fetch-mode': 'cors', 'sec-fetch-site': 'same-origin', 'te': 'trailers'}",,"{'date': 'Wed, 13 May 2026 18:48:54 GMT', 'x-frame-options': 'DENY', 'strict-transport-security': 'max-age=63072000; includeSubDomains; preload', 'x-content-type-options': 'nosniff', 'referrer-policy': 'no-referrer', 'access-control-expose-headers': 'Date,app-types-hash', 'content-type': 'application/json;charset=utf-8', 'app-types-hash': 'oDFbYzU=', 'cache-control': 'no-cache, no-store', 'content-length': '601'}",
2026-05-13T17:50:09.202902,GET,app.tuta.com,/rest/tutanota/mailset/OsXZICk--J-9?start=------------&count=1000&reverse=false,0,,,,"{'user-agent': 'Mozilla/5.0 (X11; Ubuntu; Linux x86_64; rv:149.0) Gecko/20100101 Firefox/149.0', 'accept': 'application/json', 'accept-language': 'en-US,en;q=0.9', 'accept-encoding': 'gzip, deflate, br, zstd', 'accesstoken': 'Z4ikTNrAAUAKijSG5knbOz2u37Y-oT9vDg', 'v': '108', 'cv': '348.260506.0', 'cp': '5', 'sec-fetch-dest': 'empty', 'sec-fetch-mode': 'cors', 'sec-fetch-site': 'same-origin', 'te': 'trailers'}",,,
2026-05-13T17:50:09.205227,GET,app.tuta.com,/rest/tutanota/mailset/OsXZICk--J-9?start=------------&count=1000&reverse=false,0,,,,"{'user-agent': 'Mozilla/5.0 (X11; Ubuntu; Linux x86_64; rv:149.0) Gecko/20100101 Firefox/149.0', 'accept': 'application/json', 'accept-language': 'en-US,en;q=0.9', 'accept-encoding': 'gzip, deflate, br, zstd', 'accesstoken': 'Z4ikTNrAAUAKijSG5knbOz2u37Y-oT9vDg', 'v': '108', 'cv': '348.260506.0', 'cp': '5', 'sec-fetch-dest': 'empty', 'sec-fetch-mode': 'cors', 'sec-fetch-site': 'same-origin', 'te': 'trailers'}",,,
2026-05-13T17:50:09.292956,GET,app.tuta.com,/event?modelVersions=150.108&clientVersion=348.260506.0&userId=OsXZICX--B-9&accessToken=Z4ikTNrAAUAKijSG5knbOz2u37Y-oT9vDg,0,,,,"{'Host': 'app.tuta.com', 'User-Agent': 'Mozilla/5.0 (X11; Ubuntu; Linux x86_64; rv:149.0) Gecko/20100101 Firefox/149.0', 'Accept': '*/*', 'Accept-Language': 'en-US,en;q=0.9', 'Accept-Encoding': 'gzip, deflate, br, zstd', 'Sec-WebSocket-Version': '13', 'Origin': 'https://app.tuta.com', 'Sec-WebSocket-Extensions': 'permessage-deflate', 'Sec-WebSocket-Key': 'jCuNbWFmV3S5Xs8tg4RaBw==', 'Connection': 'Upgrade', 'Sec-Fetch-Dest': 'empty', 'Sec-Fetch-Mode': 'websocket', 'Sec-Fetch-Site': 'same-origin', 'Pragma': 'no-cache', 'Cache-Control': 'no-cache', 'Upgrade': 'websocket'}",,,
2026-05-13T17:50:09.202902,GET,app.tuta.com,/rest/tutanota/mailset/OsXZICk--J-9?start=------------&count=1000&reverse=false,0,2247,application/json;charset=utf-8,200,"{'user-agent': 'Mozilla/5.0 (X11; Ubuntu; Linux x86_64; rv:149.0) Gecko/20100101 Firefox/149.0', 'accept': 'application/json', 'accept-language': 'en-US,en;q=0.9', 'accept-encoding': 'gzip, deflate, br, zstd', 'accesstoken': 'Z4ikTNrAAUAKijSG5knbOz2u37Y-oT9vDg', 'v': '108', 'cv': '348.260506.0', 'cp': '5', 'sec-fetch-dest': 'empty', 'sec-fetch-mode': 'cors', 'sec-fetch-site': 'same-origin', 'te': 'trailers'}",,"{'date': 'Wed, 13 May 2026 18:48:54 GMT', 'x-frame-options': 'DENY', 'strict-transport-security': 'max-age=63072000; includeSubDomains; preload', 'x-content-type-options': 'nosniff', 'referrer-policy': 'no-referrer', 'access-control-expose-headers': 'Date,app-types-hash', 'content-type': 'application/json;charset=utf-8', 'app-types-hash': 'oDFbYzU=', 'cache-control': 'no-cache, no-store', 'content-length': '2247'}",
2026-05-13T17:50:09.205227,GET,app.tuta.com,/rest/tutanota/mailset/OsXZICk--J-9?start=------------&count=1000&reverse=false,0,2247,application/json;charset=utf-8,200,"{'user-agent': 'Mozilla/5.0 (X11; Ubuntu; Linux x86_64; rv:149.0) Gecko/20100101 Firefox/149.0', 'accept': 'application/json', 'accept-language': 'en-US,en;q=0.9', 'accept-encoding': 'gzip, deflate, br, zstd', 'accesstoken': 'Z4ikTNrAAUAKijSG5knbOz2u37Y-oT9vDg', 'v': '108', 'cv': '348.260506.0', 'cp': '5', 'sec-fetch-dest': 'empty', 'sec-fetch-mode': 'cors', 'sec-fetch-site': 'same-origin', 'te': 'trailers'}",,"{'date': 'Wed, 13 May 2026 18:48:54 GMT', 'x-frame-options': 'DENY', 'strict-transport-security': 'max-age=63072000; includeSubDomains; preload', 'x-content-type-options': 'nosniff', 'referrer-policy': 'no-referrer', 'access-control-expose-headers': 'Date,app-types-hash', 'content-type': 'application/json;charset=utf-8', 'app-types-hash': 'oDFbYzU=', 'cache-control': 'no-cache, no-store', 'content-length': '2247'}",
2026-05-13T17:50:09.292956,GET,app.tuta.com,/event?modelVersions=150.108&clientVersion=348.260506.0&userId=OsXZICX--B-9&accessToken=Z4ikTNrAAUAKijSG5knbOz2u37Y-oT9vDg,0,0,application/json;charset=utf-8,101,"{'Host': 'app.tuta.com', 'User-Agent': 'Mozilla/5.0 (X11; Ubuntu; Linux x86_64; rv:149.0) Gecko/20100101 Firefox/149.0', 'Accept': '*/*', 'Accept-Language': 'en-US,en;q=0.9', 'Accept-Encoding': 'gzip, deflate, br, zstd', 'Sec-WebSocket-Version': '13', 'Origin': 'https://app.tuta.com', 'Sec-WebSocket-Extensions': 'permessage-deflate', 'Sec-WebSocket-Key': 'jCuNbWFmV3S5Xs8tg4RaBw==', 'Connection': 'Upgrade', 'Sec-Fetch-Dest': 'empty', 'Sec-Fetch-Mode': 'websocket', 'Sec-Fetch-Site': 'same-origin', 'Pragma': 'no-cache', 'Cache-Control': 'no-cache', 'Upgrade': 'websocket'}",,"{'Date': 'Wed, 13 May 2026 18:48:54 GMT', 'X-FRAME-OPTIONS': 'DENY', 'Strict-Transport-Security': 'max-age=63072000; includeSubDomains; preload', 'X-Content-Type-Options': 'nosniff', 'Referrer-Policy': 'no-referrer', 'Access-Control-Expose-Headers': 'Date,app-types-hash', 'Access-Control-Allow-Origin': 'https://app.tuta.com', 'Content-Type': 'application/json;charset=utf-8', 'Sec-WebSocket-Extensions': 'permessage-deflate', 'Upgrade': 'websocket', 'Sec-WebSocket-Accept': 'ziAJo1VzNEzKo8padeHd5VM4PBE=', 'Connection': 'Upgrade'}",
2026-05-13T17:50:09.456799,GET,app.tuta.com,/rest/sys/customerinfo/JDpWrwY--7-0/OsXZICY--B-9,0,,,,"{'user-agent': 'Mozilla/5.0 (X11; Ubuntu; Linux x86_64; rv:149.0) Gecko/20100101 Firefox/149.0', 'accept': 'application/json', 'accept-language': 'en-US,en;q=0.9', 'accept-encoding': 'gzip, deflate, br, zstd', 'accesstoken': 'Z4ikTNrAAUAKijSG5knbOz2u37Y-oT9vDg', 'v': '150', 'cv': '348.260506.0', 'cp': '5', 'sec-fetch-dest': 'empty', 'sec-fetch-mode': 'cors', 'sec-fetch-site': 'same-origin', 'te': 'trailers'}",,,
2026-05-13T17:50:09.463264,GET,app.tuta.com,/rest/sys/customer/OsXZICY--F-9,0,,,,"{'user-agent': 'Mozilla/5.0 (X11; Ubuntu; Linux x86_64; rv:149.0) Gecko/20100101 Firefox/149.0', 'accept': 'application/json', 'accept-language': 'en-US,en;q=0.9', 'accept-encoding': 'gzip, deflate, br, zstd', 'accesstoken': 'Z4ikTNrAAUAKijSG5knbOz2u37Y-oT9vDg', 'v': '150', 'cv': '348.260506.0', 'cp': '5', 'sec-fetch-dest': 'empty', 'sec-fetch-mode': 'cors', 'sec-fetch-site': 'same-origin', 'te': 'trailers'}",,,
2026-05-13T17:50:09.555740,GET,app.tuta.com,/rest/tutanota/clientspamtrainingdatumindexentry/OsXZICk-0F-9?start=OsXZU55--B-9&count=1000&reverse=false,0,,,,"{'user-agent': 'Mozilla/5.0 (X11; Ubuntu; Linux x86_64; rv:149.0) Gecko/20100101 Firefox/149.0', 'accept': 'application/json', 'accept-language': 'en-US,en;q=0.9', 'accept-encoding': 'gzip, deflate, br, zstd', 'accesstoken': 'Z4ikTNrAAUAKijSG5knbOz2u37Y-oT9vDg', 'v': '108', 'cv': '348.260506.0', 'cp': '5', 'sec-fetch-dest': 'empty', 'sec-fetch-mode': 'cors', 'sec-fetch-site': 'same-origin', 'te': 'trailers'}",,,
2026-05-13T17:50:09.456799,GET,app.tuta.com,/rest/sys/customerinfo/JDpWrwY--7-0/OsXZICY--B-9,0,548,application/json;charset=utf-8,200,"{'user-agent': 'Mozilla/5.0 (X11; Ubuntu; Linux x86_64; rv:149.0) Gecko/20100101 Firefox/149.0', 'accept': 'application/json', 'accept-language': 'en-US,en;q=0.9', 'accept-encoding': 'gzip, deflate, br, zstd', 'accesstoken': 'Z4ikTNrAAUAKijSG5knbOz2u37Y-oT9vDg', 'v': '150', 'cv': '348.260506.0', 'cp': '5', 'sec-fetch-dest': 'empty', 'sec-fetch-mode': 'cors', 'sec-fetch-site': 'same-origin', 'te': 'trailers'}",,"{'date': 'Wed, 13 May 2026 18:48:54 GMT', 'x-frame-options': 'DENY', 'strict-transport-security': 'max-age=63072000; includeSubDomains; preload', 'x-content-type-options': 'nosniff', 'referrer-policy': 'no-referrer', 'access-control-expose-headers': 'Date,app-types-hash', 'content-type': 'application/json;charset=utf-8', 'app-types-hash': 'oDFbYzU=', 'cache-control': 'no-cache, no-store', 'content-length': '548'}",
2026-05-13T17:50:09.463264,GET,app.tuta.com,/rest/sys/customer/OsXZICY--F-9,0,572,application/json;charset=utf-8,200,"{'user-agent': 'Mozilla/5.0 (X11; Ubuntu; Linux x86_64; rv:149.0) Gecko/20100101 Firefox/149.0', 'accept': 'application/json', 'accept-language': 'en-US,en;q=0.9', 'accept-encoding': 'gzip, deflate, br, zstd', 'accesstoken': 'Z4ikTNrAAUAKijSG5knbOz2u37Y-oT9vDg', 'v': '150', 'cv': '348.260506.0', 'cp': '5', 'sec-fetch-dest': 'empty', 'sec-fetch-mode': 'cors', 'sec-fetch-site': 'same-origin', 'te': 'trailers'}",,"{'date': 'Wed, 13 May 2026 18:48:54 GMT', 'x-frame-options': 'DENY', 'strict-transport-security': 'max-age=63072000; includeSubDomains; preload', 'x-content-type-options': 'nosniff', 'referrer-policy': 'no-referrer', 'access-control-expose-headers': 'Date,app-types-hash', 'content-type': 'application/json;charset=utf-8', 'app-types-hash': 'oDFbYzU=', 'cache-control': 'no-cache, no-store', 'content-length': '572'}",
2026-05-13T17:50:09.589334,GET,app.tuta.com,/rest/tutanota/clientspamtrainingdatumindexentry/OsXZICk-0F-9?start=OsXZU55--B-9&count=1000&reverse=false,0,,,,"{'user-agent': 'Mozilla/5.0 (X11; Ubuntu; Linux x86_64; rv:149.0) Gecko/20100101 Firefox/149.0', 'accept': 'application/json', 'accept-language': 'en-US,en;q=0.9', 'accept-encoding': 'gzip, deflate, br, zstd', 'accesstoken': 'Z4ikTNrAAUAKijSG5knbOz2u37Y-oT9vDg', 'v': '108', 'cv': '348.260506.0', 'cp': '5', 'sec-fetch-dest': 'empty', 'sec-fetch-mode': 'cors', 'sec-fetch-site': 'same-origin', 'te': 'trailers'}",,,
2026-05-13T17:50:09.591997,GET,app.tuta.com,/rest/sys/customerproperties/OsXZICY--c-9,0,,,,"{'user-agent': 'Mozilla/5.0 (X11; Ubuntu; Linux x86_64; rv:149.0) Gecko/20100101 Firefox/149.0', 'accept': 'application/json', 'accept-language': 'en-US,en;q=0.9', 'accept-encoding': 'gzip, deflate, br, zstd', 'accesstoken': 'Z4ikTNrAAUAKijSG5knbOz2u37Y-oT9vDg', 'v': '150', 'cv': '348.260506.0', 'cp': '5', 'sec-fetch-dest': 'empty', 'sec-fetch-mode': 'cors', 'sec-fetch-site': 'same-origin', 'te': 'trailers'}",,,
2026-05-13T17:50:09.555740,GET,app.tuta.com,/rest/tutanota/clientspamtrainingdatumindexentry/OsXZICk-0F-9?start=OsXZU55--B-9&count=1000&reverse=false,0,2,application/json;charset=utf-8,200,"{'user-agent': 'Mozilla/5.0 (X11; Ubuntu; Linux x86_64; rv:149.0) Gecko/20100101 Firefox/149.0', 'accept': 'application/json', 'accept-language': 'en-US,en;q=0.9', 'accept-encoding': 'gzip, deflate, br, zstd', 'accesstoken': 'Z4ikTNrAAUAKijSG5knbOz2u37Y-oT9vDg', 'v': '108', 'cv': '348.260506.0', 'cp': '5', 'sec-fetch-dest': 'empty', 'sec-fetch-mode': 'cors', 'sec-fetch-site': 'same-origin', 'te': 'trailers'}",,"{'date': 'Wed, 13 May 2026 18:48:54 GMT', 'x-frame-options': 'DENY', 'strict-transport-security': 'max-age=63072000; includeSubDomains; preload', 'x-content-type-options': 'nosniff', 'referrer-policy': 'no-referrer', 'access-control-expose-headers': 'Date,app-types-hash', 'content-type': 'application/json;charset=utf-8', 'app-types-hash': 'oDFbYzU=', 'cache-control': 'no-cache, no-store', 'content-length': '2'}",
2026-05-13T17:50:09.589334,GET,app.tuta.com,/rest/tutanota/clientspamtrainingdatumindexentry/OsXZICk-0F-9?start=OsXZU55--B-9&count=1000&reverse=false,0,2,application/json;charset=utf-8,200,"{'user-agent': 'Mozilla/5.0 (X11; Ubuntu; Linux x86_64; rv:149.0) Gecko/20100101 Firefox/149.0', 'accept': 'application/json', 'accept-language': 'en-US,en;q=0.9', 'accept-encoding': 'gzip, deflate, br, zstd', 'accesstoken': 'Z4ikTNrAAUAKijSG5knbOz2u37Y-oT9vDg', 'v': '108', 'cv': '348.260506.0', 'cp': '5', 'sec-fetch-dest': 'empty', 'sec-fetch-mode': 'cors', 'sec-fetch-site': 'same-origin', 'te': 'trailers'}",,"{'date': 'Wed, 13 May 2026 18:48:54 GMT', 'x-frame-options': 'DENY', 'strict-transport-security': 'max-age=63072000; includeSubDomains; preload', 'x-content-type-options': 'nosniff', 'referrer-policy': 'no-referrer', 'access-control-expose-headers': 'Date,app-types-hash', 'content-type': 'application/json;charset=utf-8', 'app-types-hash': 'oDFbYzU=', 'cache-control': 'no-cache, no-store', 'content-length': '2'}",
2026-05-13T17:50:09.591997,GET,app.tuta.com,/rest/sys/customerproperties/OsXZICY--c-9,0,144,application/json;charset=utf-8,200,"{'user-agent': 'Mozilla/5.0 (X11; Ubuntu; Linux x86_64; rv:149.0) Gecko/20100101 Firefox/149.0', 'accept': 'application/json', 'accept-language': 'en-US,en;q=0.9', 'accept-encoding': 'gzip, deflate, br, zstd', 'accesstoken': 'Z4ikTNrAAUAKijSG5knbOz2u37Y-oT9vDg', 'v': '150', 'cv': '348.260506.0', 'cp': '5', 'sec-fetch-dest': 'empty', 'sec-fetch-mode': 'cors', 'sec-fetch-site': 'same-origin', 'te': 'trailers'}",,"{'date': 'Wed, 13 May 2026 18:48:54 GMT', 'x-frame-options': 'DENY', 'strict-transport-security': 'max-age=63072000; includeSubDomains; preload', 'x-content-type-options': 'nosniff', 'referrer-policy': 'no-referrer', 'access-control-expose-headers': 'Date,app-types-hash', 'content-type': 'application/json;charset=utf-8', 'app-types-hash': 'oDFbYzU=', 'cache-control': 'no-cache, no-store', 'content-length': '144'}",
2026-05-13T17:50:09.836130,GET,app.tuta.com,/rest/tutanota/mailsetentry/OsXZICk-23-9?start=____________________________________________________________________________________________________________________________________________________________________________________________________________________________________________________________________________________________________________________________________________________&count=100&reverse=true,0,,,,"{'user-agent': 'Mozilla/5.0 (X11; Ubuntu; Linux x86_64; rv:149.0) Gecko/20100101 Firefox/149.0', 'accept': 'application/json', 'accept-language': 'en-US,en;q=0.9', 'accept-encoding': 'gzip, deflate, br, zstd', 'accesstoken': 'Z4ikTNrAAUAKijSG5knbOz2u37Y-oT9vDg', 'v': '108', 'cv': '348.260506.0', 'cp': '5', 'sec-fetch-dest': 'empty', 'sec-fetch-mode': 'cors', 'sec-fetch-site': 'same-origin', 'te': 'trailers'}",,,
2026-05-13T17:50:09.846934,GET,app.tuta.com,/rest/monitor/counterservice?_body=%7B%2213%22%3A%220%22%2C%2214%22%3A%22OsXZICY--F-9%22%2C%2215%22%3A%22OsXZICd-23-9%22%2C%22299%22%3A%223%22%7D,0,,application/json,,"{'user-agent': 'Mozilla/5.0 (X11; Ubuntu; Linux x86_64; rv:149.0) Gecko/20100101 Firefox/149.0', 'accept': 'application/json', 'accept-language': 'en-US,en;q=0.9', 'accept-encoding': 'gzip, deflate, br, zstd', 'accesstoken': 'Z4ikTNrAAUAKijSG5knbOz2u37Y-oT9vDg', 'v': '41', 'cv': '348.260506.0', 'cp': '5', 'content-type': 'application/json', 'sec-fetch-dest': 'empty', 'sec-fetch-mode': 'cors', 'sec-fetch-site': 'same-origin', 'te': 'trailers'}",,,
2026-05-13T17:50:09.836130,GET,app.tuta.com,/rest/tutanota/mailsetentry/OsXZICk-23-9?start=____________________________________________________________________________________________________________________________________________________________________________________________________________________________________________________________________________________________________________________________________________________&count=100&reverse=true,0,287,application/json;charset=utf-8,200,"{'user-agent': 'Mozilla/5.0 (X11; Ubuntu; Linux x86_64; rv:149.0) Gecko/20100101 Firefox/149.0', 'accept': 'application/json', 'accept-language': 'en-US,en;q=0.9', 'accept-encoding': 'gzip, deflate, br, zstd', 'accesstoken': 'Z4ikTNrAAUAKijSG5knbOz2u37Y-oT9vDg', 'v': '108', 'cv': '348.260506.0', 'cp': '5', 'sec-fetch-dest': 'empty', 'sec-fetch-mode': 'cors', 'sec-fetch-site': 'same-origin', 'te': 'trailers'}",,"{'date': 'Wed, 13 May 2026 18:48:55 GMT', 'x-frame-options': 'DENY', 'strict-transport-security': 'max-age=63072000; includeSubDomains; preload', 'x-content-type-options': 'nosniff', 'referrer-policy': 'no-referrer', 'access-control-expose-headers': 'Date,app-types-hash', 'content-type': 'application/json;charset=utf-8', 'app-types-hash': 'oDFbYzU=', 'cache-control': 'no-cache, no-store', 'content-length': '287'}",
2026-05-13T17:50:09.846934,GET,app.tuta.com,/rest/monitor/counterservice?_body=%7B%2213%22%3A%220%22%2C%2214%22%3A%22OsXZICY--F-9%22%2C%2215%22%3A%22OsXZICd-23-9%22%2C%22299%22%3A%223%22%7D,0,81,application/json;charset=utf-8,200,"{'user-agent': 'Mozilla/5.0 (X11; Ubuntu; Linux x86_64; rv:149.0) Gecko/20100101 Firefox/149.0', 'accept': 'application/json', 'accept-language': 'en-US,en;q=0.9', 'accept-encoding': 'gzip, deflate, br, zstd', 'accesstoken': 'Z4ikTNrAAUAKijSG5knbOz2u37Y-oT9vDg', 'v': '41', 'cv': '348.260506.0', 'cp': '5', 'content-type': 'application/json', 'sec-fetch-dest': 'empty', 'sec-fetch-mode': 'cors', 'sec-fetch-site': 'same-origin', 'te': 'trailers'}",,"{'date': 'Wed, 13 May 2026 18:48:55 GMT', 'x-frame-options': 'DENY', 'strict-transport-security': 'max-age=63072000; includeSubDomains; preload', 'x-content-type-options': 'nosniff', 'referrer-policy': 'no-referrer', 'access-control-expose-headers': 'Date,app-types-hash', 'content-type': 'application/json;charset=utf-8', 'app-types-hash': 'oDFbYzU=', 'cache-control': 'no-cache, no-store', 'content-length': '81'}",
2026-05-13T17:50:09.974822,GET,app.tuta.com,/rest/tutanota/mail/OsXZICk--V-9?ids=OsXZIE8--3-9%2COsXZIDF--3-9,0,,,,"{'user-agent': 'Mozilla/5.0 (X11; Ubuntu; Linux x86_64; rv:149.0) Gecko/20100101 Firefox/149.0', 'accept': 'application/json', 'accept-language': 'en-US,en;q=0.9', 'accept-encoding': 'gzip, deflate, br, zstd', 'accesstoken': 'Z4ikTNrAAUAKijSG5knbOz2u37Y-oT9vDg', 'v': '108', 'dv': '150', 'cv': '348.260506.0', 'cp': '5', 'sec-fetch-dest': 'empty', 'sec-fetch-mode': 'cors', 'sec-fetch-site': 'same-origin', 'te': 'trailers'}",,,
2026-05-13T17:50:09.986235,GET,app.tuta.com,/rest/sys/useralarminfo/OsXZICf--R-9?start=------------&count=1000&reverse=false,0,,,,"{'user-agent': 'Mozilla/5.0 (X11; Ubuntu; Linux x86_64; rv:149.0) Gecko/20100101 Firefox/149.0', 'accept': 'application/json', 'accept-language': 'en-US,en;q=0.9', 'accept-encoding': 'gzip, deflate, br, zstd', 'accesstoken': 'Z4ikTNrAAUAKijSG5knbOz2u37Y-oT9vDg', 'v': '150', 'cv': '348.260506.0', 'cp': '5', 'sec-fetch-dest': 'empty', 'sec-fetch-mode': 'cors', 'sec-fetch-site': 'same-origin', 'te': 'trailers'}",,,
2026-05-13T17:50:09.974822,GET,app.tuta.com,/rest/tutanota/mail/OsXZICk--V-9?ids=OsXZIE8--3-9%2COsXZIDF--3-9,0,2507,application/json;charset=utf-8,200,"{'user-agent': 'Mozilla/5.0 (X11; Ubuntu; Linux x86_64; rv:149.0) Gecko/20100101 Firefox/149.0', 'accept': 'application/json', 'accept-language': 'en-US,en;q=0.9', 'accept-encoding': 'gzip, deflate, br, zstd', 'accesstoken': 'Z4ikTNrAAUAKijSG5knbOz2u37Y-oT9vDg', 'v': '108', 'dv': '150', 'cv': '348.260506.0', 'cp': '5', 'sec-fetch-dest': 'empty', 'sec-fetch-mode': 'cors', 'sec-fetch-site': 'same-origin', 'te': 'trailers'}",,"{'date': 'Wed, 13 May 2026 18:48:55 GMT', 'x-frame-options': 'DENY', 'strict-transport-security': 'max-age=63072000; includeSubDomains; preload', 'x-content-type-options': 'nosniff', 'referrer-policy': 'no-referrer', 'access-control-expose-headers': 'Date,app-types-hash', 'content-type': 'application/json;charset=utf-8', 'app-types-hash': 'oDFbYzU=', 'cache-control': 'no-cache, no-store', 'content-length': '2507'}",
2026-05-13T17:50:09.986235,GET,app.tuta.com,/rest/sys/useralarminfo/OsXZICf--R-9?start=------------&count=1000&reverse=false,0,2,application/json;charset=utf-8,200,"{'user-agent': 'Mozilla/5.0 (X11; Ubuntu; Linux x86_64; rv:149.0) Gecko/20100101 Firefox/149.0', 'accept': 'application/json', 'accept-language': 'en-US,en;q=0.9', 'accept-encoding': 'gzip, deflate, br, zstd', 'accesstoken': 'Z4ikTNrAAUAKijSG5knbOz2u37Y-oT9vDg', 'v': '150', 'cv': '348.260506.0', 'cp': '5', 'sec-fetch-dest': 'empty', 'sec-fetch-mode': 'cors', 'sec-fetch-site': 'same-origin', 'te': 'trailers'}",,"{'date': 'Wed, 13 May 2026 18:48:55 GMT', 'x-frame-options': 'DENY', 'strict-transport-security': 'max-age=63072000; includeSubDomains; preload', 'x-content-type-options': 'nosniff', 'referrer-policy': 'no-referrer', 'access-control-expose-headers': 'Date,app-types-hash', 'content-type': 'application/json;charset=utf-8', 'app-types-hash': 'oDFbYzU=', 'cache-control': 'no-cache, no-store', 'content-length': '2'}",
2026-05-13T17:50:10.127638,GET,app.tuta.com,/rest/tutanota/calendareventupdate/OsXZICk-0c-9?start=------------&count=1000&reverse=false,0,,,,"{'user-agent': 'Mozilla/5.0 (X11; Ubuntu; Linux x86_64; rv:149.0) Gecko/20100101 Firefox/149.0', 'accept': 'application/json', 'accept-language': 'en-US,en;q=0.9', 'accept-encoding': 'gzip, deflate, br, zstd', 'accesstoken': 'Z4ikTNrAAUAKijSG5knbOz2u37Y-oT9vDg', 'v': '108', 'cv': '348.260506.0', 'cp': '5', 'sec-fetch-dest': 'empty', 'sec-fetch-mode': 'cors', 'sec-fetch-site': 'same-origin', 'te': 'trailers'}",,,
2026-05-13T17:50:10.127638,GET,app.tuta.com,/rest/tutanota/calendareventupdate/OsXZICk-0c-9?start=------------&count=1000&reverse=false,0,2,application/json;charset=utf-8,200,"{'user-agent': 'Mozilla/5.0 (X11; Ubuntu; Linux x86_64; rv:149.0) Gecko/20100101 Firefox/149.0', 'accept': 'application/json', 'accept-language': 'en-US,en;q=0.9', 'accept-encoding': 'gzip, deflate, br, zstd', 'accesstoken': 'Z4ikTNrAAUAKijSG5knbOz2u37Y-oT9vDg', 'v': '108', 'cv': '348.260506.0', 'cp': '5', 'sec-fetch-dest': 'empty', 'sec-fetch-mode': 'cors', 'sec-fetch-site': 'same-origin', 'te': 'trailers'}",,"{'date': 'Wed, 13 May 2026 18:48:55 GMT', 'x-frame-options': 'DENY', 'strict-transport-security': 'max-age=63072000; includeSubDomains; preload', 'x-content-type-options': 'nosniff', 'referrer-policy': 'no-referrer', 'access-control-expose-headers': 'Date,app-types-hash', 'content-type': 'application/json;charset=utf-8', 'app-types-hash': 'oDFbYzU=', 'cache-control': 'no-cache, no-store', 'content-length': '2'}",
2026-05-13T17:50:10.261372,POST,app.tuta.com,/rest/tutanota/receiveinfoservice,23,,application/json,,"{'user-agent': 'Mozilla/5.0 (X11; Ubuntu; Linux x86_64; rv:149.0) Gecko/20100101 Firefox/149.0', 'accept': 'application/json', 'accept-language': 'en-US,en;q=0.9', 'accept-encoding': 'gzip, deflate, br, zstd', 'content-type': 'application/json', 'content-length': '23', 'accesstoken': 'Z4ikTNrAAUAKijSG5knbOz2u37Y-oT9vDg', 'v': '108', 'cv': '348.260506.0', 'cp': '5', 'origin': 'https://app.tuta.com', 'sec-fetch-dest': 'empty', 'sec-fetch-mode': 'cors', 'sec-fetch-site': 'same-origin', 'te': 'trailers'}","{""571"":""0"",""1121"":""en""}",,
2026-05-13T17:50:10.261372,POST,app.tuta.com,/rest/tutanota/receiveinfoservice,23,23,application/json;charset=utf-8,201,"{'user-agent': 'Mozilla/5.0 (X11; Ubuntu; Linux x86_64; rv:149.0) Gecko/20100101 Firefox/149.0', 'accept': 'application/json', 'accept-language': 'en-US,en;q=0.9', 'accept-encoding': 'gzip, deflate, br, zstd', 'content-type': 'application/json', 'content-length': '23', 'accesstoken': 'Z4ikTNrAAUAKijSG5knbOz2u37Y-oT9vDg', 'v': '108', 'cv': '348.260506.0', 'cp': '5', 'origin': 'https://app.tuta.com', 'sec-fetch-dest': 'empty', 'sec-fetch-mode': 'cors', 'sec-fetch-site': 'same-origin', 'te': 'trailers'}","{""571"":""0"",""1121"":""en""}","{'date': 'Wed, 13 May 2026 18:48:55 GMT', 'x-frame-options': 'DENY', 'strict-transport-security': 'max-age=63072000; includeSubDomains; preload', 'x-content-type-options': 'nosniff', 'referrer-policy': 'no-referrer', 'access-control-expose-headers': 'Date,app-types-hash', 'access-control-allow-origin': 'https://app.tuta.com', 'content-type': 'application/json;charset=utf-8', 'app-types-hash': 'oDFbYzU=', 'content-length': '23'}",
2026-05-13T17:50:10.446656,GET,app.tuta.com,/rest/tutanota/newsservice,0,,,,"{'user-agent': 'Mozilla/5.0 (X11; Ubuntu; Linux x86_64; rv:149.0) Gecko/20100101 Firefox/149.0', 'accept': 'application/json', 'accept-language': 'en-US,en;q=0.9', 'accept-encoding': 'gzip, deflate, br, zstd', 'accesstoken': 'Z4ikTNrAAUAKijSG5knbOz2u37Y-oT9vDg', 'v': '108', 'cv': '348.260506.0', 'cp': '5', 'sec-fetch-dest': 'empty', 'sec-fetch-mode': 'cors', 'sec-fetch-site': 'same-origin', 'te': 'trailers'}",,,
2026-05-13T17:50:10.446656,GET,app.tuta.com,/rest/tutanota/newsservice,0,335,application/json;charset=utf-8,200,"{'user-agent': 'Mozilla/5.0 (X11; Ubuntu; Linux x86_64; rv:149.0) Gecko/20100101 Firefox/149.0', 'accept': 'application/json', 'accept-language': 'en-US,en;q=0.9', 'accept-encoding': 'gzip, deflate, br, zstd', 'accesstoken': 'Z4ikTNrAAUAKijSG5knbOz2u37Y-oT9vDg', 'v': '108', 'cv': '348.260506.0', 'cp': '5', 'sec-fetch-dest': 'empty', 'sec-fetch-mode': 'cors', 'sec-fetch-site': 'same-origin', 'te': 'trailers'}",,"{'date': 'Wed, 13 May 2026 18:48:55 GMT', 'x-frame-options': 'DENY', 'strict-transport-security': 'max-age=63072000; includeSubDomains; preload', 'x-content-type-options': 'nosniff', 'referrer-policy': 'no-referrer', 'access-control-expose-headers': 'Date,app-types-hash', 'content-type': 'application/json;charset=utf-8', 'app-types-hash': 'oDFbYzU=', 'cache-control': 'no-cache, no-store', 'content-length': '335'}",
2026-05-13T17:50:10.582707,GET,app.tuta.com,/rest/sys/secondfactor/OsXZICf--N-9?start=------------&count=1000&reverse=false,0,,,,"{'user-agent': 'Mozilla/5.0 (X11; Ubuntu; Linux x86_64; rv:149.0) Gecko/20100101 Firefox/149.0', 'accept': 'application/json', 'accept-language': 'en-US,en;q=0.9', 'accept-encoding': 'gzip, deflate, br, zstd', 'accesstoken': 'Z4ikTNrAAUAKijSG5knbOz2u37Y-oT9vDg', 'v': '150', 'cv': '348.260506.0', 'cp': '5', 'sec-fetch-dest': 'empty', 'sec-fetch-mode': 'cors', 'sec-fetch-site': 'same-origin', 'te': 'trailers'}",,,
2026-05-13T17:50:10.582707,GET,app.tuta.com,/rest/sys/secondfactor/OsXZICf--N-9?start=------------&count=1000&reverse=false,0,2,application/json;charset=utf-8,200,"{'user-agent': 'Mozilla/5.0 (X11; Ubuntu; Linux x86_64; rv:149.0) Gecko/20100101 Firefox/149.0', 'accept': 'application/json', 'accept-language': 'en-US,en;q=0.9', 'accept-encoding': 'gzip, deflate, br, zstd', 'accesstoken': 'Z4ikTNrAAUAKijSG5knbOz2u37Y-oT9vDg', 'v': '150', 'cv': '348.260506.0', 'cp': '5', 'sec-fetch-dest': 'empty', 'sec-fetch-mode': 'cors', 'sec-fetch-site': 'same-origin', 'te': 'trailers'}",,"{'date': 'Wed, 13 May 2026 18:48:55 GMT', 'x-frame-options': 'DENY', 'strict-transport-security': 'max-age=63072000; includeSubDomains; preload', 'x-content-type-options': 'nosniff', 'referrer-policy': 'no-referrer', 'access-control-expose-headers': 'Date,app-types-hash', 'content-type': 'application/json;charset=utf-8', 'app-types-hash': 'oDFbYzU=', 'cache-control': 'no-cache, no-store', 'content-length': '2'}",
2026-05-13T17:50:52.000408,GET,ads.mozilla.org,/v1/ads-preflight,0,,,,"{'user-agent': 'Mozilla/5.0 (X11; Ubuntu; Linux x86_64; rv:149.0) Gecko/20100101 Firefox/149.0', 'accept': '*/*', 'accept-language': 'en-US,en;q=0.9', 'accept-encoding': 'gzip, deflate, br, zstd', 'priority': 'u=4', 'te': 'trailers'}",,,
2026-05-13T17:50:52.000408,GET,ads.mozilla.org,/v1/ads-preflight,0,134,application/json,200,"{'user-agent': 'Mozilla/5.0 (X11; Ubuntu; Linux x86_64; rv:149.0) Gecko/20100101 Firefox/149.0', 'accept': '*/*', 'accept-language': 'en-US,en;q=0.9', 'accept-encoding': 'gzip, deflate, br, zstd', 'priority': 'u=4', 'te': 'trailers'}",,"{'strict-transport-security': 'max-age=31536000', 'accept-ranges': 'bytes', 'content-type': 'application/json', 'cache-control': 'max-age=86400, public, immutable, stale-while-revalidate=3600, stale-if-error=3600', 'via': '1.1 google, 1.1 varnish, 1.1 varnish, 1.1 varnish', 'date': 'Wed, 13 May 2026 18:49:37 GMT', 'x-served-by': 'cache-bfi-krnt7300049-BFI, cache-bfi-krnt7300068-BFI, cache-chi-klot8100156-CHI', 'x-cache': 'MISS, MISS, MISS', 'x-cache-hits': '0, 0, 0', 'x-timer': 'S1778698177.152964,VS0,VE136', 'vary': 'Accept-Encoding', 'content-length': '134'}",
2026-05-13T17:50:52.225655,GET,prod.ohttp-gateway.prod.webservices.mozgcp.net,/ohttp-configs,0,,,,"{'user-agent': 'Mozilla/5.0 (X11; Ubuntu; Linux x86_64; rv:149.0) Gecko/20100101 Firefox/149.0', 'accept': '*/*', 'accept-language': 'en-US,en;q=0.9', 'accept-encoding': 'gzip, deflate, br, zstd', 'priority': 'u=4', 'te': 'trailers'}",,,
2026-05-13T17:50:52.225655,GET,prod.ohttp-gateway.prod.webservices.mozgcp.net,/ohttp-configs,0,41,application/octet-stream,200,"{'user-agent': 'Mozilla/5.0 (X11; Ubuntu; Linux x86_64; rv:149.0) Gecko/20100101 Firefox/149.0', 'accept': '*/*', 'accept-language': 'en-US,en;q=0.9', 'accept-encoding': 'gzip, deflate, br, zstd', 'priority': 'u=4', 'te': 'trailers'}",,"{'cache-control': 'max-age=95591, private', 'date': 'Wed, 13 May 2026 18:49:37 GMT', 'content-length': '41', 'content-type': 'application/octet-stream', 'via': '1.1 google', 'alt-svc': 'h3="":443""; ma=2592000,h3-29="":443""; ma=2592000'}",
2026-05-13T17:50:52.322537,POST,mozilla-ohttp.fastly-edge.com,/,463,,message/ohttp-req,,"{'user-agent': 'Mozilla/5.0 (X11; Ubuntu; Linux x86_64; rv:149.0) Gecko/20100101 Firefox/149.0', 'accept': '*/*', 'accept-language': 'en-US,en;q=0.9', 'accept-encoding': 'gzip, deflate, br, zstd', 'content-type': 'message/ohttp-req', 'content-length': '463', 'sec-fetch-dest': 'empty', 'sec-fetch-mode': 'no-cors', 'sec-fetch-site': 'none', 'priority': 'u=4', 'te': 'trailers'}","�    ��փ��]��-�3S@Y�2蠔g���b��Z,ᣞ�`O��0����M��̆�S�B��J���<jDF>�X������py�UO4;���}�X��[�Lۇ��d�m����T���&�A��ڻՉ�ԫ
�Ψa�-�����)#��
�9ԥꢛC���*��vSY��7w�Q�e6V8Hg�b�O���C�z�*�vf�i�N7�{�'̬���=���}����Z'��ds��|�[�*1E�J�u��R&��=�y�A
��1�ͨ�ިoZ��������W��y�vZ��:z���~� 3���!o1
D�Ϥp|
��f�K/""ӗ��,!ES������W���E��ĩ)�^O{�I����*�%�ޙ�޶�����B�z�h]f�2� �}_E\�����!�%����yx$��bB�efh������ׯ�2��@
b",,
2026-05-13T17:50:52.322537,POST,mozilla-ohttp.fastly-edge.com,/,463,11195,message/ohttp-res,200,"{'user-agent': 'Mozilla/5.0 (X11; Ubuntu; Linux x86_64; rv:149.0) Gecko/20100101 Firefox/149.0', 'accept': '*/*', 'accept-language': 'en-US,en;q=0.9', 'accept-encoding': 'gzip, deflate, br, zstd', 'content-type': 'message/ohttp-req', 'content-length': '463', 'sec-fetch-dest': 'empty', 'sec-fetch-mode': 'no-cors', 'sec-fetch-site': 'none', 'priority': 'u=4', 'te': 'trailers'}","�    ��փ��]��-�3S@Y�2蠔g���b��Z,ᣞ�`O��0����M��̆�S�B��J���<jDF>�X������py�UO4;���}�X��[�Lۇ��d�m����T���&�A��ڻՉ�ԫ
�Ψa�-�����)#��
�9ԥꢛC���*��vSY��7w�Q�e6V8Hg�b�O���C�z�*�vf�i�N7�{�'̬���=���}����Z'��ds��|�[�*1E�J�u��R&��=�y�A
��1�ͨ�ިoZ��������W��y�vZ��:z���~� 3���!o1
D�Ϥp|
��f�K/""ӗ��,!ES������W���E��ĩ)�^O{�I����*�%�ޙ�޶�����B�z�h]f�2� �}_E\�����!�%����yx$��bB�efh������ׯ�2��@
b","{'content-type': 'message/ohttp-res', 'cache-control': 'private, no-store', 'date': 'Wed, 13 May 2026 18:49:37 GMT'}",
2026-05-13T17:50:52.519491,GET,ads-img.mozilla.org,/v1/images?image_data=CnAKbmh0dHBzOi8vYW1wLWFzc2V0LjQ1dHUxYzAuY29tL2Fzc2V0cy8xNDMxL2UxYjMxOGJkNDkzNDYyN2Q3MjZkNTFmOWM1ZDQyNTVjZWFhNjI0MWRkYmY4M2RmMDE5MGUyMjBiN2E4MWUyODUuanBnEiCF1FoJ1nRR2YvYgV1umBhTKA482BKOK56b6gVGpg0XUQ,0,,,,"{'user-agent': 'Mozilla/5.0 (X11; Ubuntu; Linux x86_64; rv:149.0) Gecko/20100101 Firefox/149.0', 'accept': 'image/avif,image/webp,image/png,image/svg+xml,image/*;q=0.8,*/*;q=0.5', 'accept-language': 'en-US,en;q=0.9', 'accept-encoding': 'gzip, deflate, br, zstd', 'sec-fetch-dest': 'image', 'sec-fetch-mode': 'no-cors', 'sec-fetch-site': 'cross-site', 'priority': 'u=4, i', 'te': 'trailers'}",,,
2026-05-13T17:50:52.522430,GET,ads-img.mozilla.org,/v1/images?image_data=CnAKbmh0dHBzOi8vYW1wLWFzc2V0LjQ1dHUxYzAuY29tL2Fzc2V0cy8xNDMyL2ZkNWJjODZjYjRjODg1MDgyZTY2ZGY4NzdlYjQ0OTRjZWIyYzY2ZDc2ODVlMzdhODIwNDAxYjQ3NzI4MzUwOTEuanBnEiDbDveiYPQFQ7g2IKeCTiQbPNJ-jP2XW0pTEX0dzb5N3w,0,,,,"{'user-agent': 'Mozilla/5.0 (X11; Ubuntu; Linux x86_64; rv:149.0) Gecko/20100101 Firefox/149.0', 'accept': 'image/avif,image/webp,image/png,image/svg+xml,image/*;q=0.8,*/*;q=0.5', 'accept-language': 'en-US,en;q=0.9', 'accept-encoding': 'gzip, deflate, br, zstd', 'sec-fetch-dest': 'image', 'sec-fetch-mode': 'no-cors', 'sec-fetch-site': 'cross-site', 'priority': 'u=4, i', 'te': 'trailers'}",,,
2026-05-13T17:50:52.526496,GET,ads-img.mozilla.org,/v1/images?image_data=CjoKOGh0dHBzOi8vYW1wLWFzc2V0LjQ1dHUxYzAuY29tL2Fzc2V0cy8xMDExLzE2MDI1MTczODUuanBnEiCPWEpTJukrjsNjZdZ-ENKI3O38x6nmTcNlFXn6RNaaQQ,0,,,,"{'user-agent': 'Mozilla/5.0 (X11; Ubuntu; Linux x86_64; rv:149.0) Gecko/20100101 Firefox/149.0', 'accept': 'image/avif,image/webp,image/png,image/svg+xml,image/*;q=0.8,*/*;q=0.5', 'accept-language': 'en-US,en;q=0.9', 'accept-encoding': 'gzip, deflate, br, zstd', 'sec-fetch-dest': 'image', 'sec-fetch-mode': 'no-cors', 'sec-fetch-site': 'cross-site', 'priority': 'u=4, i', 'te': 'trailers'}",,,
2026-05-13T17:50:52.519491,GET,ads-img.mozilla.org,/v1/images?image_data=CnAKbmh0dHBzOi8vYW1wLWFzc2V0LjQ1dHUxYzAuY29tL2Fzc2V0cy8xNDMxL2UxYjMxOGJkNDkzNDYyN2Q3MjZkNTFmOWM1ZDQyNTVjZWFhNjI0MWRkYmY4M2RmMDE5MGUyMjBiN2E4MWUyODUuanBnEiCF1FoJ1nRR2YvYgV1umBhTKA482BKOK56b6gVGpg0XUQ,0,5716,image/jpeg,200,"{'user-agent': 'Mozilla/5.0 (X11; Ubuntu; Linux x86_64; rv:149.0) Gecko/20100101 Firefox/149.0', 'accept': 'image/avif,image/webp,image/png,image/svg+xml,image/*;q=0.8,*/*;q=0.5', 'accept-language': 'en-US,en;q=0.9', 'accept-encoding': 'gzip, deflate, br, zstd', 'sec-fetch-dest': 'image', 'sec-fetch-mode': 'no-cors', 'sec-fetch-site': 'cross-site', 'priority': 'u=4, i', 'te': 'trailers'}",,"{'content-type': 'image/jpeg', 'cache-control': 'public, max-age=3956', 'last-modified': 'Fri, 15 Aug 2025 19:57:13 GMT', 'via': '1.1 google, 1.1 varnish, 1.1 varnish, 1.1 varnish', 'strict-transport-security': 'max-age=31536000', 'etag': '""5f69491b35475798458fcc116b982145""', 'accept-ranges': 'bytes', 'date': 'Wed, 13 May 2026 18:49:37 GMT', 'age': '2693', 'x-served-by': 'cache-bfi-krnt7300092-BFI, cache-bfi-krnt7300092-BFI, cache-chi-klot8100126-CHI', 'x-cache': 'MISS, HIT, HIT', 'x-cache-hits': '0, 291, 386', 'x-timer': 'S1778698178.671654,VS0,VE0', 'content-length': '5716'}",
2026-05-13T17:50:52.522430,GET,ads-img.mozilla.org,/v1/images?image_data=CnAKbmh0dHBzOi8vYW1wLWFzc2V0LjQ1dHUxYzAuY29tL2Fzc2V0cy8xNDMyL2ZkNWJjODZjYjRjODg1MDgyZTY2ZGY4NzdlYjQ0OTRjZWIyYzY2ZDc2ODVlMzdhODIwNDAxYjQ3NzI4MzUwOTEuanBnEiDbDveiYPQFQ7g2IKeCTiQbPNJ-jP2XW0pTEX0dzb5N3w,0,10884,image/jpeg,200,"{'user-agent': 'Mozilla/5.0 (X11; Ubuntu; Linux x86_64; rv:149.0) Gecko/20100101 Firefox/149.0', 'accept': 'image/avif,image/webp,image/png,image/svg+xml,image/*;q=0.8,*/*;q=0.5', 'accept-language': 'en-US,en;q=0.9', 'accept-encoding': 'gzip, deflate, br, zstd', 'sec-fetch-dest': 'image', 'sec-fetch-mode': 'no-cors', 'sec-fetch-site': 'cross-site', 'priority': 'u=4, i', 'te': 'trailers'}",,"{'content-type': 'image/jpeg', 'cache-control': 'public, max-age=3659', 'last-modified': 'Fri, 15 Aug 2025 19:57:14 GMT', 'via': '1.1 google, 1.1 varnish, 1.1 varnish, 1.1 varnish', 'strict-transport-security': 'max-age=31536000', 'etag': '""f3f0d7e484aae300a2705372b58fbf04""', 'accept-ranges': 'bytes', 'date': 'Wed, 13 May 2026 18:49:37 GMT', 'age': '2281', 'x-served-by': 'cache-bfi-krnt7300113-BFI, cache-bfi-krnt7300113-BFI, cache-chi-klot8100101-CHI', 'x-cache': 'MISS, HIT, HIT', 'x-cache-hits': '0, 234, 345', 'x-timer': 'S1778698178.675816,VS0,VE0', 'content-length': '10884'}",
2026-05-13T17:50:52.526496,GET,ads-img.mozilla.org,/v1/images?image_data=CjoKOGh0dHBzOi8vYW1wLWFzc2V0LjQ1dHUxYzAuY29tL2Fzc2V0cy8xMDExLzE2MDI1MTczODUuanBnEiCPWEpTJukrjsNjZdZ-ENKI3O38x6nmTcNlFXn6RNaaQQ,0,9991,image/jpeg,200,"{'user-agent': 'Mozilla/5.0 (X11; Ubuntu; Linux x86_64; rv:149.0) Gecko/20100101 Firefox/149.0', 'accept': 'image/avif,image/webp,image/png,image/svg+xml,image/*;q=0.8,*/*;q=0.5', 'accept-language': 'en-US,en;q=0.9', 'accept-encoding': 'gzip, deflate, br, zstd', 'sec-fetch-dest': 'image', 'sec-fetch-mode': 'no-cors', 'sec-fetch-site': 'cross-site', 'priority': 'u=4, i', 'te': 'trailers'}",,"{'content-type': 'image/jpeg', 'cache-control': 'public, max-age=3680', 'last-modified': 'Fri, 15 Aug 2025 19:57:02 GMT', 'via': '1.1 google, 1.1 varnish, 1.1 varnish, 1.1 varnish', 'strict-transport-security': 'max-age=31536000', 'etag': '""9dfe3edbb20c5ead76c9d25b5eb7cf88""', 'accept-ranges': 'bytes', 'date': 'Wed, 13 May 2026 18:49:37 GMT', 'age': '676', 'x-served-by': 'cache-bfi-krnt7300110-BFI, cache-bfi-krnt7300104-BFI, cache-chi-klot8100046-CHI', 'x-cache': 'MISS, HIT, HIT', 'x-cache-hits': '0, 329, 129', 'x-timer': 'S1778698178.679632,VS0,VE0', 'content-length': '9991'}",
2026-05-13T18:00:10.406935,GET,app.tuta.com,/rest/tutanota/clientspamtrainingdatumindexentry/OsXZICk-0F-9?start=OsXZU55--B-9&count=1000&reverse=false,0,,,,"{'user-agent': 'Mozilla/5.0 (X11; Ubuntu; Linux x86_64; rv:149.0) Gecko/20100101 Firefox/149.0', 'accept': 'application/json', 'accept-language': 'en-US,en;q=0.9', 'accept-encoding': 'gzip, deflate, br, zstd', 'accesstoken': 'Z4ikTNrAAUAKijSG5knbOz2u37Y-oT9vDg', 'v': '108', 'cv': '348.260506.0', 'cp': '5', 'sec-fetch-dest': 'empty', 'sec-fetch-mode': 'cors', 'sec-fetch-site': 'same-origin', 'te': 'trailers'}",,,
2026-05-13T18:00:10.406935,GET,app.tuta.com,/rest/tutanota/clientspamtrainingdatumindexentry/OsXZICk-0F-9?start=OsXZU55--B-9&count=1000&reverse=false,0,2,application/json;charset=utf-8,200,"{'user-agent': 'Mozilla/5.0 (X11; Ubuntu; Linux x86_64; rv:149.0) Gecko/20100101 Firefox/149.0', 'accept': 'application/json', 'accept-language': 'en-US,en;q=0.9', 'accept-encoding': 'gzip, deflate, br, zstd', 'accesstoken': 'Z4ikTNrAAUAKijSG5knbOz2u37Y-oT9vDg', 'v': '108', 'cv': '348.260506.0', 'cp': '5', 'sec-fetch-dest': 'empty', 'sec-fetch-mode': 'cors', 'sec-fetch-site': 'same-origin', 'te': 'trailers'}",,"{'date': 'Wed, 13 May 2026 18:58:15 GMT', 'x-frame-options': 'DENY', 'strict-transport-security': 'max-age=63072000; includeSubDomains; preload', 'x-content-type-options': 'nosniff', 'referrer-policy': 'no-referrer', 'access-control-expose-headers': 'Date,app-types-hash', 'content-type': 'application/json;charset=utf-8', 'app-types-hash': 'oDFbYzU=', 'cache-control': 'no-cache, no-store', 'content-length': '2'}",
2026-05-13T18:00:10.590565,GET,app.tuta.com,/rest/tutanota/calendargrouproot/OsXZTi9----9,0,,,,"{'user-agent': 'Mozilla/5.0 (X11; Ubuntu; Linux x86_64; rv:149.0) Gecko/20100101 Firefox/149.0', 'accept': 'application/json', 'accept-language': 'en-US,en;q=0.9', 'accept-encoding': 'gzip, deflate, br, zstd', 'accesstoken': 'Z4ikTNrAAUAKijSG5knbOz2u37Y-oT9vDg', 'v': '108', 'cv': '348.260506.0', 'cp': '5', 'sec-fetch-dest': 'empty', 'sec-fetch-mode': 'cors', 'sec-fetch-site': 'same-origin', 'te': 'trailers'}",,,
2026-05-13T18:00:10.596184,GET,app.tuta.com,/rest/sys/groupinfo/OsXZICY--s-9/OsXZTi9--R-9,0,,,,"{'user-agent': 'Mozilla/5.0 (X11; Ubuntu; Linux x86_64; rv:149.0) Gecko/20100101 Firefox/149.0', 'accept': 'application/json', 'accept-language': 'en-US,en;q=0.9', 'accept-encoding': 'gzip, deflate, br, zstd', 'accesstoken': 'Z4ikTNrAAUAKijSG5knbOz2u37Y-oT9vDg', 'v': '150', 'cv': '348.260506.0', 'cp': '5', 'sec-fetch-dest': 'empty', 'sec-fetch-mode': 'cors', 'sec-fetch-site': 'same-origin', 'te': 'trailers'}",,,
2026-05-13T18:00:10.602778,GET,app.tuta.com,/rest/sys/group/OsXZTi9----9,0,,,,"{'user-agent': 'Mozilla/5.0 (X11; Ubuntu; Linux x86_64; rv:149.0) Gecko/20100101 Firefox/149.0', 'accept': 'application/json', 'accept-language': 'en-US,en;q=0.9', 'accept-encoding': 'gzip, deflate, br, zstd', 'accesstoken': 'Z4ikTNrAAUAKijSG5knbOz2u37Y-oT9vDg', 'v': '150', 'cv': '348.260506.0', 'cp': '5', 'sec-fetch-dest': 'empty', 'sec-fetch-mode': 'cors', 'sec-fetch-site': 'same-origin', 'te': 'trailers'}",,,
2026-05-13T18:00:10.590565,GET,app.tuta.com,/rest/tutanota/calendargrouproot/OsXZTi9----9,0,311,application/json;charset=utf-8,200,"{'user-agent': 'Mozilla/5.0 (X11; Ubuntu; Linux x86_64; rv:149.0) Gecko/20100101 Firefox/149.0', 'accept': 'application/json', 'accept-language': 'en-US,en;q=0.9', 'accept-encoding': 'gzip, deflate, br, zstd', 'accesstoken': 'Z4ikTNrAAUAKijSG5knbOz2u37Y-oT9vDg', 'v': '108', 'cv': '348.260506.0', 'cp': '5', 'sec-fetch-dest': 'empty', 'sec-fetch-mode': 'cors', 'sec-fetch-site': 'same-origin', 'te': 'trailers'}",,"{'date': 'Wed, 13 May 2026 18:58:15 GMT', 'x-frame-options': 'DENY', 'strict-transport-security': 'max-age=63072000; includeSubDomains; preload', 'x-content-type-options': 'nosniff', 'referrer-policy': 'no-referrer', 'access-control-expose-headers': 'Date,app-types-hash', 'content-type': 'application/json;charset=utf-8', 'app-types-hash': 'oDFbYzU=', 'cache-control': 'no-cache, no-store', 'content-length': '311'}",
2026-05-13T18:00:10.596184,GET,app.tuta.com,/rest/sys/groupinfo/OsXZICY--s-9/OsXZTi9--R-9,0,417,application/json;charset=utf-8,200,"{'user-agent': 'Mozilla/5.0 (X11; Ubuntu; Linux x86_64; rv:149.0) Gecko/20100101 Firefox/149.0', 'accept': 'application/json', 'accept-language': 'en-US,en;q=0.9', 'accept-encoding': 'gzip, deflate, br, zstd', 'accesstoken': 'Z4ikTNrAAUAKijSG5knbOz2u37Y-oT9vDg', 'v': '150', 'cv': '348.260506.0', 'cp': '5', 'sec-fetch-dest': 'empty', 'sec-fetch-mode': 'cors', 'sec-fetch-site': 'same-origin', 'te': 'trailers'}",,"{'date': 'Wed, 13 May 2026 18:58:15 GMT', 'x-frame-options': 'DENY', 'strict-transport-security': 'max-age=63072000; includeSubDomains; preload', 'x-content-type-options': 'nosniff', 'referrer-policy': 'no-referrer', 'access-control-expose-headers': 'Date,app-types-hash', 'content-type': 'application/json;charset=utf-8', 'app-types-hash': 'oDFbYzU=', 'cache-control': 'no-cache, no-store', 'content-length': '417'}",
2026-05-13T18:00:10.602778,GET,app.tuta.com,/rest/sys/group/OsXZTi9----9,0,488,application/json;charset=utf-8,200,"{'user-agent': 'Mozilla/5.0 (X11; Ubuntu; Linux x86_64; rv:149.0) Gecko/20100101 Firefox/149.0', 'accept': 'application/json', 'accept-language': 'en-US,en;q=0.9', 'accept-encoding': 'gzip, deflate, br, zstd', 'accesstoken': 'Z4ikTNrAAUAKijSG5knbOz2u37Y-oT9vDg', 'v': '150', 'cv': '348.260506.0', 'cp': '5', 'sec-fetch-dest': 'empty', 'sec-fetch-mode': 'cors', 'sec-fetch-site': 'same-origin', 'te': 'trailers'}",,"{'date': 'Wed, 13 May 2026 18:58:15 GMT', 'x-frame-options': 'DENY', 'strict-transport-security': 'max-age=63072000; includeSubDomains; preload', 'x-content-type-options': 'nosniff', 'referrer-policy': 'no-referrer', 'access-control-expose-headers': 'Date,app-types-hash', 'content-type': 'application/json;charset=utf-8', 'app-types-hash': 'oDFbYzU=', 'cache-control': 'no-cache, no-store', 'content-length': '488'}",
2026-05-13T18:00:10.780810,GET,app.tuta.com,/rest/sys/groupmember/OsXZTi9--B-9?start=------------&count=1000&reverse=false,0,,,,"{'user-agent': 'Mozilla/5.0 (X11; Ubuntu; Linux x86_64; rv:149.0) Gecko/20100101 Firefox/149.0', 'accept': 'application/json', 'accept-language': 'en-US,en;q=0.9', 'accept-encoding': 'gzip, deflate, br, zstd', 'accesstoken': 'Z4ikTNrAAUAKijSG5knbOz2u37Y-oT9vDg', 'v': '150', 'cv': '348.260506.0', 'cp': '5', 'sec-fetch-dest': 'empty', 'sec-fetch-mode': 'cors', 'sec-fetch-site': 'same-origin', 'te': 'trailers'}",,,
2026-05-13T18:00:10.780810,GET,app.tuta.com,/rest/sys/groupmember/OsXZTi9--B-9?start=------------&count=1000&reverse=false,0,192,application/json;charset=utf-8,200,"{'user-agent': 'Mozilla/5.0 (X11; Ubuntu; Linux x86_64; rv:149.0) Gecko/20100101 Firefox/149.0', 'accept': 'application/json', 'accept-language': 'en-US,en;q=0.9', 'accept-encoding': 'gzip, deflate, br, zstd', 'accesstoken': 'Z4ikTNrAAUAKijSG5knbOz2u37Y-oT9vDg', 'v': '150', 'cv': '348.260506.0', 'cp': '5', 'sec-fetch-dest': 'empty', 'sec-fetch-mode': 'cors', 'sec-fetch-site': 'same-origin', 'te': 'trailers'}",,"{'date': 'Wed, 13 May 2026 18:58:15 GMT', 'x-frame-options': 'DENY', 'strict-transport-security': 'max-age=63072000; includeSubDomains; preload', 'x-content-type-options': 'nosniff', 'referrer-policy': 'no-referrer', 'access-control-expose-headers': 'Date,app-types-hash', 'content-type': 'application/json;charset=utf-8', 'app-types-hash': 'oDFbYzU=', 'cache-control': 'no-cache, no-store', 'content-length': '192'}",
2026-05-13T18:06:13.154428,POST,mozilla-ohttp.fastly-edge.com,/,463,,message/ohttp-req,,"{'user-agent': 'Mozilla/5.0 (X11; Ubuntu; Linux x86_64; rv:149.0) Gecko/20100101 Firefox/149.0', 'accept': '*/*', 'accept-language': 'en-US,en;q=0.9', 'accept-encoding': 'gzip, deflate, br, zstd', 'content-type': 'message/ohttp-req', 'content-length': '463', 'sec-fetch-dest': 'empty', 'sec-fetch-mode': 'no-cors', 'sec-fetch-site': 'none', 'priority': 'u=4', 'te': 'trailers'}","�    g���
����a���[�(�߄}�ѨY""[s�k�l�@ɀ�,��S� ��p4�a^��<�����E�����>AN��g�����i�i�8��K�]���y�'�u�p""�ה��TUّ�F��24��r� ��js*�{r�e��Ҝ�&B:\θ��!�z#&�W�Ƴw1p-5QE@/��&��x{.��ү����x+b=�h��jhjQ&��?������O�BŭMZnm~jV��f��$5�$|[D�=���d�D�ǌ84:=�#��
y�TɄ�)q��ɹ�?gHe�|&�پ>̗8D�y�~�'���3|�<��ռ��UCe��S���'�=E�4��%�0Q�YM�Ѣ����;�a	Ad���T�4�u&�Z.�����KOȈ@�U\�Y�/Y��Y.���)z�(�B����3��z�%k��YH�Ώ6WJ�P)""�r",,
2026-05-13T18:06:13.154428,POST,mozilla-ohttp.fastly-edge.com,/,463,11195,message/ohttp-res,200,"{'user-agent': 'Mozilla/5.0 (X11; Ubuntu; Linux x86_64; rv:149.0) Gecko/20100101 Firefox/149.0', 'accept': '*/*', 'accept-language': 'en-US,en;q=0.9', 'accept-encoding': 'gzip, deflate, br, zstd', 'content-type': 'message/ohttp-req', 'content-length': '463', 'sec-fetch-dest': 'empty', 'sec-fetch-mode': 'no-cors', 'sec-fetch-site': 'none', 'priority': 'u=4', 'te': 'trailers'}","�    g���
����a���[�(�߄}�ѨY""[s�k�l�@ɀ�,��S� ��p4�a^��<�����E�����>AN��g�����i�i�8��K�]���y�'�u�p""�ה��TUّ�F��24��r� ��js*�{r�e��Ҝ�&B:\θ��!�z#&�W�Ƴw1p-5QE@/��&��x{.��ү����x+b=�h��jhjQ&��?������O�BŭMZnm~jV��f��$5�$|[D�=���d�D�ǌ84:=�#��
y�TɄ�)q��ɹ�?gHe�|&�پ>̗8D�y�~�'���3|�<��ռ��UCe��S���'�=E�4��%�0Q�YM�Ѣ����;�a	Ad���T�4�u&�Z.�����KOȈ@�U\�Y�/Y��Y.���)z�(�B����3��z�%k��YH�Ώ6WJ�P)""�r","{'content-type': 'message/ohttp-res', 'cache-control': 'private, no-store', 'date': 'Wed, 13 May 2026 19:03:49 GMT'}",
